model,_key,case,psnr,ssim,mae,mse,pcc,org_psnr,org_ssim,org_mae,org_mse,org_pcc,raps_hf,grad_w1,org_grad_w1,seam,zflicker,zaniso,phase_match,agree_real,gen_prob,feature_l1_hu
l1_adv,../sample_data_reg/ncct_cect/vindr_ds/all_baseline_algorithms/B2_deeds__aligned/1.2.840.113619.2.278.3.717616.286.1587944968.878/1.2.840.113619.2.278.3.717616.286.1587944968.878_1.2.840.113619.2.278.3.717616.286.1587944968.981.4202498_deeds.nii.gz,1.2.840.113619.2.278.3.717616.286.1587944968.878_1.2.840.113619.2.278.3.717616.286.1587944968.981.4202498_deeds.nii.gz,28.826636976267896,0.9333106624566582,0.014108604969467866,0.001310196100059187,0.9819738822607407,23.821046446110042,0.9610276946538086,0.03684969691102798,0.00414854070207387,0.9617152951501903,0.9614125938841898,0.0007725286086374397,0.0017807285645557653,1.8309156227745533,1.0498300986389268,1.0483613531592042,1,1,0.9871724843978882,17.040962727864585
l1_adv,../sample_data_reg/ncct_cect/vindr_ds/all_baseline_algorithms/B2_deeds__aligned/1.2.840.113619.2.278.3.717616.323.1577925255.997/1.2.840.113619.2.278.3.717616.323.1577925255.997_1.2.840.113619.2.278.3.717616.323.1577925256.95.4202498_deeds.nii.gz,1.2.840.113619.2.278.3.717616.323.1577925255.997_1.2.840.113619.2.278.3.717616.323.1577925256.95.4202498_deeds.nii.gz,30.959718020359873,0.9439549294241785,0.008566840395516815,0.000801730116600447,0.9887866705852126,25.008929098596173,0.979411783163573,0.03001451053369585,0.0031557826934681035,0.9803963817154021,1.0845342706851235,0.0004130576517207693,0.0007121862994855882,1.8062499699706334,1.0405714156627615,0.9899335364321006,1,1,0.9764336347579956,28.2486083984375
l1_adv,../sample_data_reg/ncct_cect/vindr_ds/all_baseline_algorithms/B2_deeds__aligned/1.2.840.113619.2.278.3.717616.166.1580339223.519/1.2.840.113619.2.278.3.717616.166.1580339223.519_1.2.840.113619.2.278.3.717616.166.1580339223.616.4202498_deeds.nii.gz,1.2.840.113619.2.278.3.717616.166.1580339223.519_1.2.840.113619.2.278.3.717616.166.1580339223.616.4202498_deeds.nii.gz,31.735784996855116,0.9540230508662293,0.008397124215015076,0.0006705350750541805,0.9912370708281483,25.793635244807458,0.9743221072843556,0.027572852855056628,0.0026341255783615867,0.9742149875065023,0.8815652770291439,0.0006995178156944664,0.002284626130561463,1.628831342373699,0.9784896101677534,1.0624427434245134,1,1,0.9875675439834595,13.071060180664062
l1_adv,../sample_data_reg/ncct_cect/vindr_ds/all_baseline_algorithms/B2_deeds__aligned/1.2.840.113619.2.278.3.717616.166.1580339223.956/1.2.840.113619.2.278.3.717616.166.1580339223.956_1.2.840.113619.2.278.3.717616.166.1580339224.53.4202498_deeds.nii.gz,1.2.840.113619.2.278.3.717616.166.1580339223.956_1.2.840.113619.2.278.3.717616.166.1580339224.53.4202498_deeds.nii.gz,28.9135735406908,0.9342880204990134,0.011077659009487246,0.0012842295120335263,0.9854937761214294,24.225503756034502,0.9678651725388763,0.0298184578243512,0.003779632932418778,0.9678398427450238,0.8453215932489253,0.00114798126162413,0.0028456214703487725,1.6461585896727673,0.9394194202982337,1.0754447850950577,1,1,0.9788541793823242,12.345982869466146
l1_adv,../sample_data_reg/ncct_cect/vindr_ds/all_baseline_algorithms/B2_deeds__aligned/1.2.840.113619.2.278.3.717616.286.1593493292.675/1.2.840.113619.2.278.3.717616.286.1593493292.675_1.2.840.113619.2.278.3.717616.286.1593493292.775.4202498_deeds.nii.gz,1.2.840.113619.2.278.3.717616.286.1593493292.675_1.2.840.113619.2.278.3.717616.286.1593493292.775.4202498_deeds.nii.gz,32.15691294202925,0.9511471943640372,0.00848783542831762,0.0006085674303030101,0.9929472251386479,26.501455179989005,0.9805536849029496,0.023082312664964046,0.00223797114136216,0.9805864504242667,0.8472632949778984,0.0013342550348475171,0.002520574051351344,1.5207247772239185,0.9520197109625004,1.0721832063212648,1,1,0.9708215594291687,13.28857421875
l1_adv,../sample_data_reg/ncct_cect/vindr_ds/all_baseline_algorithms/B2_deeds__aligned/1.2.840.113619.2.278.3.717616.306.1582703661.35/1.2.840.113619.2.278.3.717616.306.1582703661.35_1.2.840.113619.2.278.3.717616.306.1582703661.129.4202498_deeds.nii.gz,1.2.840.113619.2.278.3.717616.306.1582703661.35_1.2.840.113619.2.278.3.717616.306.1582703661.129.4202498_deeds.nii.gz,29.031902189642288,0.9330763023826627,0.011031952769198158,0.0012497115424816847,0.9834791031448775,23.419181184506122,0.9622848675621235,0.03503668985871063,0.00455073851338097,0.9622380929130661,0.9243237318587427,0.0004066554745635503,0.002488670729252226,1.8474975349935554,0.958270477898824,1.0087240851185473,1,1,0.9896372556686401,20.511365618024552
l1_adv,../sample_data_reg/ncct_cect/vindr_ds/all_baseline_algorithms/B2_deeds__aligned/1.2.392.200036.9116.2.5.1.37.2418751871.1526972837.526920/1.2.392.200036.9116.2.5.1.37.2418751871.1526972837.526920_1.2.392.200036.9116.2.5.1.37.2418751871.1526973364.470863_deeds.nii.gz,1.2.392.200036.9116.2.5.1.37.2418751871.1526972837.526920_1.2.392.200036.9116.2.5.1.37.2418751871.1526973364.470863_deeds.nii.gz,29.177346077453414,0.9322062194424549,0.011068265570457368,0.0012085521415110523,0.9891165677056997,24.240589146513077,0.9716573763647702,0.03423694993506221,0.0037665270032015844,0.9725717707910135,0.835321521889035,0.002493053691913118,0.005410555110717255,1.1920465538215146,0.9215353852394699,1.0754369277720928,1,1,0.9876384735107422,23.221032278878347
l1_adv,../sample_data_reg/ncct_cect/vindr_ds/all_baseline_algorithms/B2_deeds__aligned/1.2.392.200036.9116.2.5.1.37.2418751871.1522984884.757455/1.2.392.200036.9116.2.5.1.37.2418751871.1522984884.757455_1.2.392.200036.9116.2.5.1.37.2418751871.1522985393.543093_deeds.nii.gz,1.2.392.200036.9116.2.5.1.37.2418751871.1522984884.757455_1.2.392.200036.9116.2.5.1.37.2418751871.1522985393.543093_deeds.nii.gz,29.664238089145833,0.9395538193489269,0.009899378643910797,0.0010803791421463897,0.9879536118561971,24.750066556569802,0.9727347137159961,0.029880601229894138,0.003349603057792719,0.9727495794406344,0.899031944154894,0.0019053821432512552,0.001977045773867667,1.2142869121022581,1.0323521807855738,1.1360104302849603,1,1,0.9976727366447449,16.687879289899552
l1_adv,../sample_data_reg/ncct_cect/vindr_ds/all_baseline_algorithms/B2_deeds__aligned/1.2.840.113619.2.278.3.717616.310.1589696975.113/1.2.840.113619.2.278.3.717616.310.1589696975.113_1.2.840.113619.2.278.3.717616.310.1589696975.214.4202498_deeds.nii.gz,1.2.840.113619.2.278.3.717616.310.1589696975.113_1.2.840.113619.2.278.3.717616.310.1589696975.214.4202498_deeds.nii.gz,30.259642664867176,0.9461933054573126,0.008356978822266626,0.0009419670978738583,0.9883930231846423,23.55721976641179,0.9670072518282359,0.03086588150700397,0.004408369848826801,0.9669033625548914,0.8211387102401384,0.0008417591776451263,0.002901946849033046,1.6992146237300276,0.9527834395971334,1.0773109584523608,1,1,0.9875530004501343,11.117917742047991
l1_adv,../sample_data_reg/ncct_cect/vindr_ds/all_baseline_algorithms/B2_deeds__aligned/1.2.392.200036.9116.2.5.1.37.2418751871.1574736893.449879/1.2.392.200036.9116.2.5.1.37.2418751871.1574736893.449879_1.2.392.200036.9116.2.5.1.37.2418751871.1574737469.513228_deeds.nii.gz,1.2.392.200036.9116.2.5.1.37.2418751871.1574736893.449879_1.2.392.200036.9116.2.5.1.37.2418751871.1574737469.513228_deeds.nii.gz,27.12380950318767,0.9243633186198519,0.013168671233552833,0.0019391841361760672,0.9795705881224022,22.061368274845353,0.954915882850613,0.03860875602859268,0.006221042560359281,0.9551892916029696,0.918331238332027,0.001335949208938804,0.001245749375985053,1.2441646320683482,1.2100759609866425,1.2913205401877397,1,1,0.9865058064460754,19.04889678955078
l1_adv,../sample_data_reg/ncct_cect/vindr_ds/all_baseline_algorithms/B2_deeds__aligned/1.2.840.113619.2.278.3.717616.259.1592554882.977/1.2.840.113619.2.278.3.717616.259.1592554882.977_1.2.840.113619.2.278.3.717616.259.1592554883.67.4202498_deeds.nii.gz,1.2.840.113619.2.278.3.717616.259.1592554882.977_1.2.840.113619.2.278.3.717616.259.1592554883.67.4202498_deeds.nii.gz,32.47706911619743,0.9574564016410179,0.00804785488027783,0.000565318357383141,0.992498023109839,26.45310591452826,0.9834051581653667,0.02499249017068182,0.002263025296209285,0.9834732273241605,0.871880590497773,0.0008350393195591862,0.00261520681573198,1.69939499108836,0.9661338869670061,1.0541623712721242,1,1,0.9778765439987183,19.161783854166668
l1_adv,../sample_data_reg/ncct_cect/vindr_ds/all_baseline_algorithms/B2_deeds__aligned/1.2.840.113619.2.278.3.717616.249.1585713660.403/1.2.840.113619.2.278.3.717616.249.1585713660.403_1.2.840.113619.2.278.3.717616.249.1585713660.663.12_deeds.nii.gz,1.2.840.113619.2.278.3.717616.249.1585713660.403_1.2.840.113619.2.278.3.717616.249.1585713660.663.12_deeds.nii.gz,28.952633330460745,0.9473438740973298,0.009395176115142992,0.0012727311306254322,0.9801820699924167,22.347475024506434,0.94662186532887,0.03977524851414625,0.005824417492906908,0.9467864483707725,0.7393565540134892,0.001310909784724969,0.004751133611748754,1.8322924504368303,0.9796457197684386,1.1893169631690645,1,1,0.7853956818580627,20.563099670410157
l1_adv,../sample_data_reg/ncct_cect/vindr_ds/all_baseline_algorithms/B2_deeds__aligned/1.2.840.113619.2.278.3.717616.306.1582703645.873/1.2.840.113619.2.278.3.717616.306.1582703645.873_1.2.840.113619.2.278.3.717616.306.1582703646.13.4202498_deeds.nii.gz,1.2.840.113619.2.278.3.717616.306.1582703645.873_1.2.840.113619.2.278.3.717616.306.1582703646.13.4202498_deeds.nii.gz,30.57066726961152,0.9506408366621407,0.007734217706797991,0.0008768660851366541,0.9869015910718574,23.850218776803338,0.9634365447689824,0.030521617546224292,0.004120767601167682,0.9633114294289715,0.9423824383015602,0.0002290213790725903,0.001221179312369585,1.7910095892151858,1.0150362746115456,1.0304897551479264,1,1,0.9872150421142578,11.912540690104167
l1_adv,../sample_data_reg/ncct_cect/vindr_ds/all_baseline_algorithms/B2_deeds__aligned/1.2.840.113619.2.278.3.717616.286.1587944983.828/1.2.840.113619.2.278.3.717616.286.1587944983.828_1.2.840.113619.2.278.3.717616.286.1587944983.915.4202498_deeds.nii.gz,1.2.840.113619.2.278.3.717616.286.1587944983.828_1.2.840.113619.2.278.3.717616.286.1587944983.915.4202498_deeds.nii.gz,33.06126985739685,0.9601719554628346,0.00666212118674683,0.0004941661739090979,0.9928773620315601,27.05858481280049,0.9833859588134918,0.02542841232584479,0.0019685276474489615,0.9834478344926215,0.8738977113566497,0.00047905583022634984,0.00274435712078306,2.0192092081676485,0.9736426876103028,1.042333735652121,1,1,0.9714161157608032,20.119905598958333
l1_adv,../sample_data_reg/ncct_cect/vindr_ds/all_baseline_algorithms/B2_deeds__aligned/1.2.392.200036.9116.2.5.1.37.2418751871.1432695579.168588/1.2.392.200036.9116.2.5.1.37.2418751871.1432695579.168588_1.2.392.200036.9116.2.5.1.37.2418751871.1432696175.178596_deeds.nii.gz,1.2.392.200036.9116.2.5.1.37.2418751871.1432695579.168588_1.2.392.200036.9116.2.5.1.37.2418751871.1432696175.178596_deeds.nii.gz,29.145832841560484,0.9193876767933646,0.012400192268825215,0.001217353519967444,0.9857684510353469,24.898479682026537,0.9722276321257737,0.03350052117079817,0.0032370695594526673,0.9725542743953832,0.9031966126059059,0.0009998238020006947,0.0029588289007054613,1.355102067863392,1.0425155132308925,1.0976993409612024,1,1,0.988874614238739,34.784377034505205
l1_adv,../sample_data_reg/ncct_cect/vindr_ds/all_baseline_algorithms/B2_deeds__aligned/1.2.840.113619.2.278.3.717616.306.1582703665.824/1.2.840.113619.2.278.3.717616.306.1582703665.824_1.2.840.113619.2.278.3.717616.306.1582703665.961.4202498_deeds.nii.gz,1.2.840.113619.2.278.3.717616.306.1582703665.824_1.2.840.113619.2.278.3.717616.306.1582703665.961.4202498_deeds.nii.gz,25.789187179899603,0.9158571130438411,0.012946784330782614,0.002636824844474133,0.9643691376607761,19.51081901066376,0.9097652623017913,0.04603858237458913,0.011192267951025405,0.9097590031198594,1.064280498081848,0.0002437320973308151,0.00098458992611782,1.7282524493132927,1.078703090983063,1.0500306505808086,1,1,0.9847351908683777,18.47975819905599
l1_adv,../sample_data_reg/ncct_cect/vindr_ds/all_baseline_algorithms/B2_deeds__aligned/1.2.840.113619.2.278.3.717616.286.1587944967.557/1.2.840.113619.2.278.3.717616.286.1587944967.557_1.2.840.113619.2.278.3.717616.286.1587944967.658.4202498_deeds.nii.gz,1.2.840.113619.2.278.3.717616.286.1587944967.557_1.2.840.113619.2.278.3.717616.286.1587944967.658.4202498_deeds.nii.gz,30.605428172233857,0.9494366773646172,0.009069429481488908,0.000869875667534234,0.9883278363697088,23.917692020650033,0.962493275015212,0.030441497228702638,0.004057240928855796,0.9622362359500772,0.880205630818912,0.0007348881097545129,0.002712199432962832,1.5674205562429457,0.9621771074799126,1.045946744647651,1,1,0.9910565614700317,9.280509948730469
l1_adv,../sample_data_reg/ncct_cect/vindr_ds/all_baseline_algorithms/B2_deeds__aligned/1.2.840.113619.2.278.3.717616.260.1578649386.487/1.2.840.113619.2.278.3.717616.260.1578649386.487_1.2.840.113619.2.278.3.717616.260.1578649386.582.4202498_deeds.nii.gz,1.2.840.113619.2.278.3.717616.260.1578649386.487_1.2.840.113619.2.278.3.717616.260.1578649386.582.4202498_deeds.nii.gz,31.49908212876911,0.9466799762860594,0.007419805896990329,0.000708095422882349,0.9914569379208323,24.879634965941992,0.9704958306047858,0.027568727853965788,0.003251146228357006,0.9704394023148336,0.8972727274057488,0.00044520410772582456,0.002259659774242234,1.8982282871307998,0.9616544660318094,1.0430854026023748,1,1,0.9847817420959473,14.369535173688616
l1_adv,../sample_data_reg/ncct_cect/vindr_ds/all_baseline_algorithms/B2_deeds__aligned/1.2.840.113619.2.278.3.717616.260.1578649359.241/1.2.840.113619.2.278.3.717616.260.1578649359.241_1.2.840.113619.2.278.3.717616.260.1578649359.370.4202498_deeds.nii.gz,1.2.840.113619.2.278.3.717616.260.1578649359.241_1.2.840.113619.2.278.3.717616.260.1578649359.370.4202498_deeds.nii.gz,30.033561146113147,0.9493842929297572,0.00969284868389698,0.000992302042738527,0.9873703308978148,24.07082515746564,0.9722550316902716,0.030612723499296113,0.003916674534065023,0.972404004492634,0.8751093669383301,0.0005723089901067908,0.002181591870998612,1.6173764347513764,0.9595652663054741,1.0283729916077882,1,1,0.9909662008285522,12.255142211914062
l1_adv,../sample_data_reg/ncct_cect/vindr_ds/all_baseline_algorithms/B2_deeds__aligned/1.2.840.113619.2.278.3.717616.202.1592287869.821/1.2.840.113619.2.278.3.717616.202.1592287869.821_1.2.840.113619.2.278.3.717616.202.1592287869.941.4202498_deeds.nii.gz,1.2.840.113619.2.278.3.717616.202.1592287869.821_1.2.840.113619.2.278.3.717616.202.1592287869.941.4202498_deeds.nii.gz,31.1241727094424,0.9382216486429812,0.009980582950934798,0.0007719385486875507,0.9881109915640739,24.803295488842643,0.9643926051639986,0.03318404161881586,0.0033087994974484603,0.9642365829364423,0.8631078702955378,0.0009446798705407241,0.004021979639938178,1.510713194073088,0.9795941928753035,1.1058999822541329,1,1,0.9891220331192017,21.464559936523436
l1_adv_organ,../sample_data_reg/ncct_cect/vindr_ds/all_baseline_algorithms/B2_deeds__aligned/1.2.840.113619.2.278.3.717616.286.1587944968.878/1.2.840.113619.2.278.3.717616.286.1587944968.878_1.2.840.113619.2.278.3.717616.286.1587944968.981.4202498_deeds.nii.gz,1.2.840.113619.2.278.3.717616.286.1587944968.878_1.2.840.113619.2.278.3.717616.286.1587944968.981.4202498_deeds.nii.gz,27.750286708169032,0.9306535744541201,0.0154734027909466,0.0016786931921833111,0.9774075260974021,22.951979947258575,0.9529046135789722,0.03874715706578473,0.005067596240403631,0.9539232697474612,0.9378607526311395,0.0008613969036440844,0.0021235264150146144,2.0081263206787354,1.0631158012040824,1.0628822134313458,1,1,0.9620050191879272,17.628636678059895
l1_adv_organ,../sample_data_reg/ncct_cect/vindr_ds/all_baseline_algorithms/B2_deeds__aligned/1.2.840.113619.2.278.3.717616.323.1577925255.997/1.2.840.113619.2.278.3.717616.323.1577925255.997_1.2.840.113619.2.278.3.717616.323.1577925256.95.4202498_deeds.nii.gz,1.2.840.113619.2.278.3.717616.323.1577925255.997_1.2.840.113619.2.278.3.717616.323.1577925256.95.4202498_deeds.nii.gz,30.99190711959772,0.948670974058885,0.008524866154059119,0.0007958098093039501,0.9888373562974188,24.852684284802375,0.9787219949075631,0.03044214672041319,0.0032713843484576516,0.9794512348161003,1.100733651213107,0.0002425666976062562,0.0009258097331595275,1.8301407299444197,1.0375855358684205,0.9997952344880501,1,1,0.9733734130859375,26.750128173828124
l1_adv_organ,../sample_data_reg/ncct_cect/vindr_ds/all_baseline_algorithms/B2_deeds__aligned/1.2.840.113619.2.278.3.717616.166.1580339223.519/1.2.840.113619.2.278.3.717616.166.1580339223.519_1.2.840.113619.2.278.3.717616.166.1580339223.616.4202498_deeds.nii.gz,1.2.840.113619.2.278.3.717616.166.1580339223.519_1.2.840.113619.2.278.3.717616.166.1580339223.616.4202498_deeds.nii.gz,31.74730500458209,0.9538178174254947,0.00828571535648788,0.0006687587841728414,0.9912844108137794,25.83468290800635,0.9747618769254235,0.02717492978529243,0.0026093462325942917,0.9746168993565616,0.876972230683711,0.0007866412413434492,0.002660308159743221,1.6474809142481774,0.9792772354508631,1.0735784444846759,1,1,0.9892231225967407,12.44010518391927
l1_adv_organ,../sample_data_reg/ncct_cect/vindr_ds/all_baseline_algorithms/B2_deeds__aligned/1.2.840.113619.2.278.3.717616.166.1580339223.956/1.2.840.113619.2.278.3.717616.166.1580339223.956_1.2.840.113619.2.278.3.717616.166.1580339224.53.4202498_deeds.nii.gz,1.2.840.113619.2.278.3.717616.166.1580339223.956_1.2.840.113619.2.278.3.717616.166.1580339224.53.4202498_deeds.nii.gz,28.90855914691422,0.9344782679631792,0.011149134183300373,0.0012857131485507682,0.985664779606689,24.244935234771802,0.9684569943997013,0.029760303597607948,0.003762759635333812,0.9684061529827324,0.8609808216211668,0.0011866301496004752,0.00296288143447757,1.6576296931450225,0.9446871592900589,1.0827928491622925,1,1,0.9963151812553406,10.674842834472656
l1_adv_organ,../sample_data_reg/ncct_cect/vindr_ds/all_baseline_algorithms/B2_deeds__aligned/1.2.840.113619.2.278.3.717616.286.1593493292.675/1.2.840.113619.2.278.3.717616.286.1593493292.675_1.2.840.113619.2.278.3.717616.286.1593493292.775.4202498_deeds.nii.gz,1.2.840.113619.2.278.3.717616.286.1593493292.675_1.2.840.113619.2.278.3.717616.286.1593493292.775.4202498_deeds.nii.gz,31.987408488048455,0.9490730352426744,0.008718774594677492,0.000632789335322686,0.9926687221369579,26.50095069019461,0.9806977294066205,0.02344168054396419,0.002238231126056083,0.9806053153892963,0.8687271752535946,0.001426930530938674,0.0026925273233201047,1.5516779231092,0.9578056343164131,1.0839550307864274,1,1,0.9846388101577759,10.677989705403645
l1_adv_organ,../sample_data_reg/ncct_cect/vindr_ds/all_baseline_algorithms/B2_deeds__aligned/1.2.840.113619.2.278.3.717616.306.1582703661.35/1.2.840.113619.2.278.3.717616.306.1582703661.35_1.2.840.113619.2.278.3.717616.306.1582703661.129.4202498_deeds.nii.gz,1.2.840.113619.2.278.3.717616.306.1582703661.35_1.2.840.113619.2.278.3.717616.306.1582703661.129.4202498_deeds.nii.gz,29.232332831254325,0.9407590501922433,0.010271683928365067,0.001193346920905664,0.9841533749821711,23.506138546980328,0.9632209698199186,0.034294790412173,0.004460526720247963,0.9630479077496601,0.919846962519017,0.0005176133291532565,0.002968383445716181,1.744992499880514,0.9491374409820111,1.0210433635077794,1,1,0.9902569055557251,18.91753387451172
l1_adv_organ,../sample_data_reg/ncct_cect/vindr_ds/all_baseline_algorithms/B2_deeds__aligned/1.2.392.200036.9116.2.5.1.37.2418751871.1526972837.526920/1.2.392.200036.9116.2.5.1.37.2418751871.1526972837.526920_1.2.392.200036.9116.2.5.1.37.2418751871.1526973364.470863_deeds.nii.gz,1.2.392.200036.9116.2.5.1.37.2418751871.1526972837.526920_1.2.392.200036.9116.2.5.1.37.2418751871.1526973364.470863_deeds.nii.gz,29.404650361637014,0.9318157301391996,0.010737517763447823,0.00114692485342376,0.989507899591504,24.37195451364164,0.9724478499176031,0.032844531576563814,0.0036543029510904767,0.9727673550010184,0.8779824377511657,0.0020951948430712676,0.004751722051491264,1.1744545521811407,0.9439658034658591,1.0778974756886623,1,1,0.9881961941719055,20.40644018990653
l1_adv_organ,../sample_data_reg/ncct_cect/vindr_ds/all_baseline_algorithms/B2_deeds__aligned/1.2.392.200036.9116.2.5.1.37.2418751871.1522984884.757455/1.2.392.200036.9116.2.5.1.37.2418751871.1522984884.757455_1.2.392.200036.9116.2.5.1.37.2418751871.1522985393.543093_deeds.nii.gz,1.2.392.200036.9116.2.5.1.37.2418751871.1522984884.757455_1.2.392.200036.9116.2.5.1.37.2418751871.1522985393.543093_deeds.nii.gz,29.382244447317806,0.9379173245305007,0.010077578757462626,0.0011528573036178808,0.9871530898547305,24.72682111789984,0.9727449461553257,0.02991063283075963,0.003367579741185883,0.9726608472739963,0.9146459609924873,0.0018703206048780625,0.0016059223696863489,1.2151008386595112,1.034706475147477,1.142109043581062,1,1,0.9985408782958984,15.001122610909599
l1_adv_organ,../sample_data_reg/ncct_cect/vindr_ds/all_baseline_algorithms/B2_deeds__aligned/1.2.840.113619.2.278.3.717616.310.1589696975.113/1.2.840.113619.2.278.3.717616.310.1589696975.113_1.2.840.113619.2.278.3.717616.310.1589696975.214.4202498_deeds.nii.gz,1.2.840.113619.2.278.3.717616.310.1589696975.113_1.2.840.113619.2.278.3.717616.310.1589696975.214.4202498_deeds.nii.gz,30.31569114943187,0.9466329157999999,0.008340313841086482,0.0009298885176943211,0.9886388692180237,23.611582823913313,0.9678170393599277,0.030722137278147044,0.004353531765262764,0.967689489816047,0.8430384705371726,0.0009410428248974185,0.0028630887463485587,1.7260392443232182,0.9609870782618923,1.0903630767240133,1,1,0.9873630404472351,12.079256330217634
l1_adv_organ,../sample_data_reg/ncct_cect/vindr_ds/all_baseline_algorithms/B2_deeds__aligned/1.2.392.200036.9116.2.5.1.37.2418751871.1574736893.449879/1.2.392.200036.9116.2.5.1.37.2418751871.1574736893.449879_1.2.392.200036.9116.2.5.1.37.2418751871.1574737469.513228_deeds.nii.gz,1.2.392.200036.9116.2.5.1.37.2418751871.1574736893.449879_1.2.392.200036.9116.2.5.1.37.2418751871.1574737469.513228_deeds.nii.gz,27.240197916627487,0.9250105492777053,0.012959606412963207,0.0018879053115383887,0.9801277651290218,22.14279342835162,0.9559262369829055,0.03804115675512337,0.006105491868421508,0.9560705192229876,0.9372701708417179,0.0012421686805551004,0.0008288529661839534,1.2355723117912607,1.213120446372395,1.29159591181261,1,1,0.9875413179397583,15.858209882463727
l1_adv_organ,../sample_data_reg/ncct_cect/vindr_ds/all_baseline_algorithms/B2_deeds__aligned/1.2.840.113619.2.278.3.717616.259.1592554882.977/1.2.840.113619.2.278.3.717616.259.1592554882.977_1.2.840.113619.2.278.3.717616.259.1592554883.67.4202498_deeds.nii.gz,1.2.840.113619.2.278.3.717616.259.1592554882.977_1.2.840.113619.2.278.3.717616.259.1592554883.67.4202498_deeds.nii.gz,32.43187635887115,0.9570348865504752,0.008178749313451894,0.0005712317840302802,0.99243962734754,26.461296924761694,0.9835607910395113,0.025033695153966518,0.0022587611402576646,0.9835082639705607,0.8918846214703059,0.0008464572772841322,0.00263161070206876,1.7365679580040516,0.9708967372744408,1.060751090415887,1,1,0.9884837865829468,14.379417419433594
l1_adv_organ,../sample_data_reg/ncct_cect/vindr_ds/all_baseline_algorithms/B2_deeds__aligned/1.2.840.113619.2.278.3.717616.249.1585713660.403/1.2.840.113619.2.278.3.717616.249.1585713660.403_1.2.840.113619.2.278.3.717616.249.1585713660.663.12_deeds.nii.gz,1.2.840.113619.2.278.3.717616.249.1585713660.403_1.2.840.113619.2.278.3.717616.249.1585713660.663.12_deeds.nii.gz,28.854955593415816,0.9479548919993009,0.00935539363851646,0.0013016806251876418,0.9797587230028274,22.24230600575796,0.9456350488071672,0.039498448254227526,0.0059671835845913285,0.9459286390117841,0.7245655809828355,0.0014314986422523164,0.004923046814051809,1.8386949244094093,0.9752669611961933,1.2033288958328348,1,1,0.8394957780838013,18.832769775390624
l1_adv_organ,../sample_data_reg/ncct_cect/vindr_ds/all_baseline_algorithms/B2_deeds__aligned/1.2.840.113619.2.278.3.717616.306.1582703645.873/1.2.840.113619.2.278.3.717616.306.1582703645.873_1.2.840.113619.2.278.3.717616.306.1582703646.13.4202498_deeds.nii.gz,1.2.840.113619.2.278.3.717616.306.1582703645.873_1.2.840.113619.2.278.3.717616.306.1582703646.13.4202498_deeds.nii.gz,30.42006713158242,0.9506052815383815,0.007793996745216808,0.0009078064975435875,0.9864066362299222,23.91155799648855,0.9641606945098393,0.03022432166472911,0.004062975470438161,0.9639290320368601,0.9519626161960208,0.0003029987091141094,0.0013517766311781246,1.785328466328892,1.0169352991980047,1.0348360570003992,1,1,0.9882658123970032,12.042342122395834
l1_adv_organ,../sample_data_reg/ncct_cect/vindr_ds/all_baseline_algorithms/B2_deeds__aligned/1.2.840.113619.2.278.3.717616.286.1587944983.828/1.2.840.113619.2.278.3.717616.286.1587944983.828_1.2.840.113619.2.278.3.717616.286.1587944983.915.4202498_deeds.nii.gz,1.2.840.113619.2.278.3.717616.286.1587944983.828_1.2.840.113619.2.278.3.717616.286.1587944983.915.4202498_deeds.nii.gz,33.1321509575164,0.9643971739512006,0.006421617534982069,0.00048616635939194893,0.9929672581043013,26.998962652869988,0.983333830370355,0.02540688752190806,0.001995738956264983,0.9833590863317007,0.8743192782760824,0.0006939799102304267,0.0029627368189561886,1.9805714737938391,0.962503711352651,1.0554868035185212,1,1,0.9719131588935852,16.37790730794271
l1_adv_organ,../sample_data_reg/ncct_cect/vindr_ds/all_baseline_algorithms/B2_deeds__aligned/1.2.392.200036.9116.2.5.1.37.2418751871.1432695579.168588/1.2.392.200036.9116.2.5.1.37.2418751871.1432695579.168588_1.2.392.200036.9116.2.5.1.37.2418751871.1432696175.178596_deeds.nii.gz,1.2.392.200036.9116.2.5.1.37.2418751871.1432695579.168588_1.2.392.200036.9116.2.5.1.37.2418751871.1432696175.178596_deeds.nii.gz,29.515819060591202,0.932817532589994,0.011416269778214666,0.001117938966252155,0.9869068700787749,24.8503570551636,0.9721016307892569,0.033372745986784275,0.0032731378367324504,0.9722309402975653,0.9345691072030654,0.0007513921814841246,0.0026208655842612327,1.2626097426612446,1.0189241322659364,1.0722978824445528,1,1,0.9897369146347046,31.06719970703125
l1_adv_organ,../sample_data_reg/ncct_cect/vindr_ds/all_baseline_algorithms/B2_deeds__aligned/1.2.840.113619.2.278.3.717616.306.1582703665.824/1.2.840.113619.2.278.3.717616.306.1582703665.824_1.2.840.113619.2.278.3.717616.306.1582703665.961.4202498_deeds.nii.gz,1.2.840.113619.2.278.3.717616.306.1582703665.824_1.2.840.113619.2.278.3.717616.306.1582703665.961.4202498_deeds.nii.gz,25.83482863186883,0.9183801616203447,0.012673277241567303,0.0026092586796439125,0.9646232557629129,19.519895812566585,0.9104245789970977,0.045093663573525816,0.011168900416994112,0.9105670767460218,1.0542778930824344,0.0002168221487156732,0.0013105370260806089,1.7383048873195972,1.071117346856603,1.0622778673199886,1,1,0.9858952760696411,18.086555989583335
l1_adv_organ,../sample_data_reg/ncct_cect/vindr_ds/all_baseline_algorithms/B2_deeds__aligned/1.2.840.113619.2.278.3.717616.286.1587944967.557/1.2.840.113619.2.278.3.717616.286.1587944967.557_1.2.840.113619.2.278.3.717616.286.1587944967.658.4202498_deeds.nii.gz,1.2.840.113619.2.278.3.717616.286.1587944967.557_1.2.840.113619.2.278.3.717616.286.1587944967.658.4202498_deeds.nii.gz,30.63621388437422,0.9493865946327985,0.008937540839986892,0.0008637312078450134,0.9884495956067403,23.983651744259635,0.9633673198740338,0.029790793984298902,0.003996085994871442,0.9631159493821294,0.8772447031962645,0.0008512376182206329,0.003091164494215008,1.5807150823519267,0.9595434445391708,1.054929227752268,1,1,0.9829005002975464,7.674826485770089
l1_adv_organ,../sample_data_reg/ncct_cect/vindr_ds/all_baseline_algorithms/B2_deeds__aligned/1.2.840.113619.2.278.3.717616.260.1578649386.487/1.2.840.113619.2.278.3.717616.260.1578649386.487_1.2.840.113619.2.278.3.717616.260.1578649386.582.4202498_deeds.nii.gz,1.2.840.113619.2.278.3.717616.260.1578649386.487_1.2.840.113619.2.278.3.717616.260.1578649386.582.4202498_deeds.nii.gz,31.54560718934729,0.9464114270870971,0.0073996780361835325,0.0007005502317303118,0.9916030364486168,24.942110774232546,0.9712111421558296,0.027346784818730516,0.003204711380164212,0.9710159286663445,0.930356127301757,0.0005175898149590479,0.0024101608615426234,1.912686509540071,0.9682286476541744,1.0509808045719684,1,1,0.9937842488288879,12.034146990094866
l1_adv_organ,../sample_data_reg/ncct_cect/vindr_ds/all_baseline_algorithms/B2_deeds__aligned/1.2.840.113619.2.278.3.717616.260.1578649359.241/1.2.840.113619.2.278.3.717616.260.1578649359.241_1.2.840.113619.2.278.3.717616.260.1578649359.370.4202498_deeds.nii.gz,1.2.840.113619.2.278.3.717616.260.1578649359.241_1.2.840.113619.2.278.3.717616.260.1578649359.370.4202498_deeds.nii.gz,30.105635959119205,0.9468717907348598,0.009478881540314192,0.0009759698558211085,0.9875061140809169,24.209444021516727,0.9731560842828085,0.029356321001202723,0.0037936354752245785,0.9732438043032987,0.8795205538308675,0.0007507735060850487,0.002294386783636979,1.6401427210727948,0.9594181247594517,1.0439380910952052,1,1,0.9922235608100891,10.972500392368861
l1_adv_organ,../sample_data_reg/ncct_cect/vindr_ds/all_baseline_algorithms/B2_deeds__aligned/1.2.840.113619.2.278.3.717616.202.1592287869.821/1.2.840.113619.2.278.3.717616.202.1592287869.821_1.2.840.113619.2.278.3.717616.202.1592287869.941.4202498_deeds.nii.gz,1.2.840.113619.2.278.3.717616.202.1592287869.821_1.2.840.113619.2.278.3.717616.202.1592287869.941.4202498_deeds.nii.gz,30.766715360234834,0.9374156021992147,0.010500832852453975,0.0008381629587375125,0.9871840598595583,24.592123966480575,0.9629272341675428,0.03405139863318916,0.0034736623649221426,0.9626314393507366,0.8481872079586553,0.0010543972254446375,0.004624827129294141,1.5448885194873097,0.9770843137787547,1.1151571371576485,1,1,0.9978542327880859,18.938548787434897
l1_bowel_zero,../sample_data_reg/ncct_cect/vindr_ds/all_baseline_algorithms/B2_deeds__aligned/1.2.840.113619.2.278.3.717616.286.1587944968.878/1.2.840.113619.2.278.3.717616.286.1587944968.878_1.2.840.113619.2.278.3.717616.286.1587944968.981.4202498_deeds.nii.gz,1.2.840.113619.2.278.3.717616.286.1587944968.878_1.2.840.113619.2.278.3.717616.286.1587944968.981.4202498_deeds.nii.gz,29.64202276760836,0.9410141369116379,0.012431483982851549,0.0010859197284335022,0.9840578739746227,24.211829079297956,0.9635675333267872,0.03381190700416668,0.0037915526590386875,0.9638249315493536,0.8590774256433998,0.0011202534166970901,0.0042004922864689095,1.9100281108173065,0.951080752347689,1.0963695754349172,1,1,0.9493368864059448,16.914790852864584
l1_bowel_zero,../sample_data_reg/ncct_cect/vindr_ds/all_baseline_algorithms/B2_deeds__aligned/1.2.840.113619.2.278.3.717616.323.1577925255.997/1.2.840.113619.2.278.3.717616.323.1577925255.997_1.2.840.113619.2.278.3.717616.323.1577925256.95.4202498_deeds.nii.gz,1.2.840.113619.2.278.3.717616.323.1577925255.997_1.2.840.113619.2.278.3.717616.323.1577925256.95.4202498_deeds.nii.gz,31.370461675342742,0.955150873838151,0.008225094211810002,0.0007293799696316778,0.9898585549585736,25.111724076078925,0.9800319392753968,0.029400116744693217,0.0030819642193844793,0.9809207800513662,1.0301580520432658,0.0008757698627134809,0.004108676518067249,1.8593474735610647,0.9541032337637299,1.0232652860759506,1,1,0.9739135503768921,28.368102010091146
l1_bowel_zero,../sample_data_reg/ncct_cect/vindr_ds/all_baseline_algorithms/B2_deeds__aligned/1.2.840.113619.2.278.3.717616.166.1580339223.519/1.2.840.113619.2.278.3.717616.166.1580339223.519_1.2.840.113619.2.278.3.717616.166.1580339223.616.4202498_deeds.nii.gz,1.2.840.113619.2.278.3.717616.166.1580339223.519_1.2.840.113619.2.278.3.717616.166.1580339223.616.4202498_deeds.nii.gz,32.14403728531748,0.9520351656809608,0.008043866738196138,0.0006103743453125943,0.9918874800077475,26.26229835874668,0.9768817401539994,0.025067803779167796,0.002364667944621807,0.9767118392465757,0.8035554205509954,0.001951149957642485,0.006434690681085693,1.6480410317734941,0.8956005028264316,1.0999529775964887,1,1,0.9750669598579407,10.526398722330729
l1_bowel_zero,../sample_data_reg/ncct_cect/vindr_ds/all_baseline_algorithms/B2_deeds__aligned/1.2.840.113619.2.278.3.717616.166.1580339223.956/1.2.840.113619.2.278.3.717616.166.1580339223.956_1.2.840.113619.2.278.3.717616.166.1580339224.53.4202498_deeds.nii.gz,1.2.840.113619.2.278.3.717616.166.1580339223.956_1.2.840.113619.2.278.3.717616.166.1580339224.53.4202498_deeds.nii.gz,29.091093721813913,0.9376752528575113,0.010636600705694318,0.0012327943287437622,0.9860312011650993,24.454878986641724,0.9697199262884286,0.02744811825801695,0.0035851893803651182,0.9695966828950661,0.8054948471949347,0.0022525389775939317,0.006404344072045245,1.6787102906343692,0.8667497078872314,1.1099244394406924,1,1,0.9795365333557129,10.178411356608073
l1_bowel_zero,../sample_data_reg/ncct_cect/vindr_ds/all_baseline_algorithms/B2_deeds__aligned/1.2.840.113619.2.278.3.717616.286.1593493292.675/1.2.840.113619.2.278.3.717616.286.1593493292.675_1.2.840.113619.2.278.3.717616.286.1593493292.775.4202498_deeds.nii.gz,1.2.840.113619.2.278.3.717616.286.1593493292.675_1.2.840.113619.2.278.3.717616.286.1593493292.775.4202498_deeds.nii.gz,32.312530438309146,0.9528520696559558,0.008361156681641457,0.0005871471486518004,0.9931973583018231,26.81012008639697,0.9819900379632419,0.022170155187437066,0.0020844332458144414,0.981933450075267,0.8059202953677999,0.0026783142694563047,0.006069762250283334,1.5493112105696212,0.8752645481601549,1.1048166221764897,1,1,0.9728317260742188,12.200748697916667
l1_bowel_zero,../sample_data_reg/ncct_cect/vindr_ds/all_baseline_algorithms/B2_deeds__aligned/1.2.840.113619.2.278.3.717616.306.1582703661.35/1.2.840.113619.2.278.3.717616.306.1582703661.35_1.2.840.113619.2.278.3.717616.306.1582703661.129.4202498_deeds.nii.gz,1.2.840.113619.2.278.3.717616.306.1582703661.35_1.2.840.113619.2.278.3.717616.306.1582703661.129.4202498_deeds.nii.gz,29.687902426637336,0.9259484919576062,0.010410484903890155,0.0010745082574546508,0.985486323903022,23.880511255767864,0.9659345466098009,0.03255013586360649,0.0040921248399528225,0.9659065852948432,0.8256735385617514,0.0016271942938911798,0.00679601148917713,1.7419901310230543,0.8687861627987559,1.0477358366005536,1,1,0.9900653958320618,20.349596296037948
l1_bowel_zero,../sample_data_reg/ncct_cect/vindr_ds/all_baseline_algorithms/B2_deeds__aligned/1.2.392.200036.9116.2.5.1.37.2418751871.1526972837.526920/1.2.392.200036.9116.2.5.1.37.2418751871.1526972837.526920_1.2.392.200036.9116.2.5.1.37.2418751871.1526973364.470863_deeds.nii.gz,1.2.392.200036.9116.2.5.1.37.2418751871.1526972837.526920_1.2.392.200036.9116.2.5.1.37.2418751871.1526973364.470863_deeds.nii.gz,29.6279224438404,0.9368170123004925,0.010621858875958767,0.0010894511348664118,0.990361542286398,24.67976704064249,0.9749792140715562,0.031696677041320814,0.0034042644998368956,0.9756593970599658,0.7993472348582149,0.0037369245838883,0.010124309252853028,1.1708615506790994,0.7845534108738548,0.9993468503501794,1,1,0.991245448589325,23.33382252284459
l1_bowel_zero,../sample_data_reg/ncct_cect/vindr_ds/all_baseline_algorithms/B2_deeds__aligned/1.2.392.200036.9116.2.5.1.37.2418751871.1522984884.757455/1.2.392.200036.9116.2.5.1.37.2418751871.1522984884.757455_1.2.392.200036.9116.2.5.1.37.2418751871.1522985393.543093_deeds.nii.gz,1.2.392.200036.9116.2.5.1.37.2418751871.1522984884.757455_1.2.392.200036.9116.2.5.1.37.2418751871.1522985393.543093_deeds.nii.gz,29.87552466044638,0.944056132785625,0.009606243394626903,0.001029076199528535,0.9886975181001916,25.210656712540565,0.9756677265671128,0.027320009597621236,0.003012550450991149,0.9756636289712246,0.8341893161167063,0.0032754908720387626,0.007004482622786394,1.2106559596839903,0.8840627964942566,1.0698953693064037,1,1,0.9984952807426453,16.000004359654017
l1_bowel_zero,../sample_data_reg/ncct_cect/vindr_ds/all_baseline_algorithms/B2_deeds__aligned/1.2.840.113619.2.278.3.717616.310.1589696975.113/1.2.840.113619.2.278.3.717616.310.1589696975.113_1.2.840.113619.2.278.3.717616.310.1589696975.214.4202498_deeds.nii.gz,1.2.840.113619.2.278.3.717616.310.1589696975.113_1.2.840.113619.2.278.3.717616.310.1589696975.214.4202498_deeds.nii.gz,30.668247558390664,0.9488410831057404,0.007998651026624216,0.0008573837422898925,0.9893585234201467,23.99888214028359,0.9703162348730046,0.028204477287556064,0.00398209655219226,0.9701486212573652,0.7847260461209336,0.002070856184739084,0.0066378291130067815,1.7538286999726307,0.8769504376348805,1.122511706383529,1,1,0.9874232411384583,10.698475428989955
l1_bowel_zero,../sample_data_reg/ncct_cect/vindr_ds/all_baseline_algorithms/B2_deeds__aligned/1.2.392.200036.9116.2.5.1.37.2418751871.1574736893.449879/1.2.392.200036.9116.2.5.1.37.2418751871.1574736893.449879_1.2.392.200036.9116.2.5.1.37.2418751871.1574737469.513228_deeds.nii.gz,1.2.392.200036.9116.2.5.1.37.2418751871.1574736893.449879_1.2.392.200036.9116.2.5.1.37.2418751871.1574737469.513228_deeds.nii.gz,27.412883719811703,0.93045604875096,0.012435406651235397,0.0018143105586514695,0.9808843380215644,22.38374097798915,0.9583351989563664,0.03569030455736957,0.005775982944974876,0.958666164947208,0.8495423265511514,0.0029181944829837713,0.006246148164083811,1.2355913531251816,1.0545193781735933,1.2419458382615547,1,1,0.987519383430481,17.33363015311105
l1_bowel_zero,../sample_data_reg/ncct_cect/vindr_ds/all_baseline_algorithms/B2_deeds__aligned/1.2.840.113619.2.278.3.717616.259.1592554882.977/1.2.840.113619.2.278.3.717616.259.1592554882.977_1.2.840.113619.2.278.3.717616.259.1592554883.67.4202498_deeds.nii.gz,1.2.840.113619.2.278.3.717616.259.1592554882.977_1.2.840.113619.2.278.3.717616.259.1592554883.67.4202498_deeds.nii.gz,32.743311876610875,0.958165462910983,0.007861758954101378,0.0005317026346970396,0.9929443948615956,26.762597265638384,0.9846905440530961,0.02408983812963902,0.0021073674776584807,0.9847161781598242,0.8085181368395812,0.0020557035131433675,0.005923908782513831,1.7691990116231677,0.887463006788514,1.088522803690848,1,1,0.978183925151825,15.515236409505208
l1_bowel_zero,../sample_data_reg/ncct_cect/vindr_ds/all_baseline_algorithms/B2_deeds__aligned/1.2.840.113619.2.278.3.717616.249.1585713660.403/1.2.840.113619.2.278.3.717616.249.1585713660.403_1.2.840.113619.2.278.3.717616.249.1585713660.663.12_deeds.nii.gz,1.2.840.113619.2.278.3.717616.249.1585713660.403_1.2.840.113619.2.278.3.717616.249.1585713660.663.12_deeds.nii.gz,28.998856312594185,0.9399210328050905,0.009839123459186932,0.0012592569855991332,0.9806557538354953,22.363152587461997,0.9471556736416964,0.03900688324504861,0.005803429877496158,0.9484142327945491,0.6824900267830893,0.002401180232544116,0.00890501274087745,1.8834601370308535,0.8953055020365963,1.2334024883225692,1,1,0.9025585055351257,19.361944580078124
l1_bowel_zero,../sample_data_reg/ncct_cect/vindr_ds/all_baseline_algorithms/B2_deeds__aligned/1.2.840.113619.2.278.3.717616.306.1582703645.873/1.2.840.113619.2.278.3.717616.306.1582703645.873_1.2.840.113619.2.278.3.717616.306.1582703646.13.4202498_deeds.nii.gz,1.2.840.113619.2.278.3.717616.306.1582703645.873_1.2.840.113619.2.278.3.717616.306.1582703646.13.4202498_deeds.nii.gz,30.99074454683595,0.9530632790016369,0.007547216190161129,0.000796022869955222,0.9879775804010649,24.20079396306424,0.9663143461317997,0.028568354170526222,0.0038011989768308024,0.9661468258736928,0.8959942946230025,0.0013140639194339412,0.004897850359964417,1.8789603752271895,0.9396966637992328,1.0824247169512902,1,1,0.9883028268814087,14.1228271484375
l1_bowel_zero,../sample_data_reg/ncct_cect/vindr_ds/all_baseline_algorithms/B2_deeds__aligned/1.2.840.113619.2.278.3.717616.286.1587944983.828/1.2.840.113619.2.278.3.717616.286.1587944983.828_1.2.840.113619.2.278.3.717616.286.1587944983.915.4202498_deeds.nii.gz,1.2.840.113619.2.278.3.717616.286.1587944983.828_1.2.840.113619.2.278.3.717616.286.1587944983.915.4202498_deeds.nii.gz,33.461140994503914,0.9600987715202479,0.006624321014292,0.00045069827986887577,0.9935369590753378,27.22358124238983,0.9842810021841338,0.024971693499708382,0.0018951425203194718,0.9845151199757411,0.8368290292469514,0.0015698708742190723,0.005875957074271444,2.021234338977027,0.9024220171328551,1.0903160899873396,1,1,0.9760775566101074,20.921516927083335
l1_bowel_zero,../sample_data_reg/ncct_cect/vindr_ds/all_baseline_algorithms/B2_deeds__aligned/1.2.392.200036.9116.2.5.1.37.2418751871.1432695579.168588/1.2.392.200036.9116.2.5.1.37.2418751871.1432695579.168588_1.2.392.200036.9116.2.5.1.37.2418751871.1432696175.178596_deeds.nii.gz,1.2.392.200036.9116.2.5.1.37.2418751871.1432695579.168588_1.2.392.200036.9116.2.5.1.37.2418751871.1432696175.178596_deeds.nii.gz,30.163000546607964,0.9281247308820235,0.011050481442418707,0.0009631633427991415,0.9886821187330825,25.261103758262188,0.9746894997614357,0.0305465300418902,0.0029777595364628073,0.9751393645500412,0.8217702579729025,0.002304275609757739,0.007831077961947468,1.2730228324630333,0.875557776515738,1.030974798593068,1,1,0.9871161580085754,36.45728251139323
l1_bowel_zero,../sample_data_reg/ncct_cect/vindr_ds/all_baseline_algorithms/B2_deeds__aligned/1.2.840.113619.2.278.3.717616.306.1582703665.824/1.2.840.113619.2.278.3.717616.306.1582703665.824_1.2.840.113619.2.278.3.717616.306.1582703665.961.4202498_deeds.nii.gz,1.2.840.113619.2.278.3.717616.306.1582703665.824_1.2.840.113619.2.278.3.717616.306.1582703665.961.4202498_deeds.nii.gz,25.990789521344237,0.9239367378023157,0.01248848357342266,0.002517219270780762,0.9657688157797641,19.60655800370821,0.9120528133139901,0.04353139874555597,0.01094823723891574,0.9125821866450762,1.0118432281870724,0.0009843980796414007,0.0044265360078736835,1.7535348316964168,0.997144371688245,1.092046463208745,1,1,0.9859482049942017,20.909500122070312
l1_bowel_zero,../sample_data_reg/ncct_cect/vindr_ds/all_baseline_algorithms/B2_deeds__aligned/1.2.840.113619.2.278.3.717616.286.1587944967.557/1.2.840.113619.2.278.3.717616.286.1587944967.557_1.2.840.113619.2.278.3.717616.286.1587944967.658.4202498_deeds.nii.gz,1.2.840.113619.2.278.3.717616.286.1587944967.557_1.2.840.113619.2.278.3.717616.286.1587944967.658.4202498_deeds.nii.gz,30.951877541907745,0.9499008133901181,0.008707837778332702,0.0008031788168507423,0.9891081907747024,24.25350329084061,0.9652052884652824,0.02814628302517712,0.0037553435258496923,0.9649320443948187,0.8018994898692084,0.0019933151299955276,0.006649669326569891,1.6052379461041104,0.8742121161966383,1.0728653259908547,1,1,0.9833324551582336,7.489537920270648
l1_bowel_zero,../sample_data_reg/ncct_cect/vindr_ds/all_baseline_algorithms/B2_deeds__aligned/1.2.840.113619.2.278.3.717616.260.1578649386.487/1.2.840.113619.2.278.3.717616.260.1578649386.487_1.2.840.113619.2.278.3.717616.260.1578649386.582.4202498_deeds.nii.gz,1.2.840.113619.2.278.3.717616.260.1578649386.487_1.2.840.113619.2.278.3.717616.260.1578649386.582.4202498_deeds.nii.gz,31.92212332677849,0.9507167541974112,0.007132793657691194,0.0006423735750571654,0.992247421490891,25.292347469544264,0.9734762102091199,0.025421786717803305,0.002956414019381709,0.9732957869077636,0.8734804174723003,0.001693869960804792,0.006230039287637014,1.9801828763131546,0.8772110247893417,1.0923394508704685,0,0,0.4384365975856781,13.598748343331474
l1_bowel_zero,../sample_data_reg/ncct_cect/vindr_ds/all_baseline_algorithms/B2_deeds__aligned/1.2.840.113619.2.278.3.717616.260.1578649359.241/1.2.840.113619.2.278.3.717616.260.1578649359.241_1.2.840.113619.2.278.3.717616.260.1578649359.370.4202498_deeds.nii.gz,1.2.840.113619.2.278.3.717616.260.1578649359.241_1.2.840.113619.2.278.3.717616.260.1578649359.370.4202498_deeds.nii.gz,30.455105909270166,0.9481734165633405,0.00911494598107376,0.0009005118021422064,0.9883527996199711,24.554573233278383,0.9751230504753217,0.027693578531698782,0.003503827175524967,0.9751761593047155,0.8262978220412928,0.0018031352271514142,0.005428763114854627,1.654696328453796,0.8941236344257927,1.0692901747544399,1,1,0.9923006892204285,10.429868425641741
l1_bowel_zero,../sample_data_reg/ncct_cect/vindr_ds/all_baseline_algorithms/B2_deeds__aligned/1.2.840.113619.2.278.3.717616.202.1592287869.821/1.2.840.113619.2.278.3.717616.202.1592287869.821_1.2.840.113619.2.278.3.717616.202.1592287869.941.4202498_deeds.nii.gz,1.2.840.113619.2.278.3.717616.202.1592287869.821_1.2.840.113619.2.278.3.717616.202.1592287869.941.4202498_deeds.nii.gz,31.608695139778867,0.9406913752414732,0.009412716821231704,0.0006904472211156409,0.9893119659009982,25.068238976175916,0.9669275563429977,0.03213306803892358,0.003112978365058794,0.966800551435438,0.7579534575481922,0.0024775916211034307,0.009075322939406591,1.5255402597472667,0.8675068579174593,1.139864400413569,1,1,0.9958154559135437,23.121363321940105
l1_only,../sample_data_reg/ncct_cect/vindr_ds/all_baseline_algorithms/B2_deeds__aligned/1.2.840.113619.2.278.3.717616.286.1587944968.878/1.2.840.113619.2.278.3.717616.286.1587944968.878_1.2.840.113619.2.278.3.717616.286.1587944968.981.4202498_deeds.nii.gz,1.2.840.113619.2.278.3.717616.286.1587944968.878_1.2.840.113619.2.278.3.717616.286.1587944968.981.4202498_deeds.nii.gz,29.2007629766699,0.9393111766980133,0.01297259007214804,0.0012020532371048638,0.9826469197678505,24.14584598529573,0.9631713144929152,0.03360632154813199,0.003849598190059811,0.9635113491733762,0.8647574023554137,0.0010951132739537549,0.0042220221297776675,1.9372378899299558,0.9641791506794293,1.0947445057400462,1,1,0.9706705808639526,14.433180745442709
l1_only,../sample_data_reg/ncct_cect/vindr_ds/all_baseline_algorithms/B2_deeds__aligned/1.2.840.113619.2.278.3.717616.323.1577925255.997/1.2.840.113619.2.278.3.717616.323.1577925255.997_1.2.840.113619.2.278.3.717616.323.1577925256.95.4202498_deeds.nii.gz,1.2.840.113619.2.278.3.717616.323.1577925255.997_1.2.840.113619.2.278.3.717616.323.1577925256.95.4202498_deeds.nii.gz,31.374624285203268,0.9540270702962216,0.008271009783739807,0.0007286812111122309,0.9899147416925188,25.170102098992835,0.9803227933327028,0.029471693848295785,0.0030408135378582287,0.9812604041410555,1.033607932031263,0.0008202074945187639,0.004183771477676299,1.876551918042677,0.9588285564635235,1.023020195676665,1,1,0.9730710983276367,28.380580139160156
l1_only,../sample_data_reg/ncct_cect/vindr_ds/all_baseline_algorithms/B2_deeds__aligned/1.2.840.113619.2.278.3.717616.166.1580339223.519/1.2.840.113619.2.278.3.717616.166.1580339223.519_1.2.840.113619.2.278.3.717616.166.1580339223.616.4202498_deeds.nii.gz,1.2.840.113619.2.278.3.717616.166.1580339223.519_1.2.840.113619.2.278.3.717616.166.1580339223.616.4202498_deeds.nii.gz,32.12899557294299,0.9499067414999001,0.008163777795373644,0.0006124920312016656,0.9918648388611707,26.211819290266796,0.9766426591124822,0.0254668529207672,0.0023923133894906455,0.9764769171820549,0.8004704431669412,0.0019184568248733543,0.006503234809637361,1.6647240663563712,0.8999156645285944,1.101342414006757,1,1,0.9758018255233765,11.424072265625
l1_only,../sample_data_reg/ncct_cect/vindr_ds/all_baseline_algorithms/B2_deeds__aligned/1.2.840.113619.2.278.3.717616.166.1580339223.956/1.2.840.113619.2.278.3.717616.166.1580339223.956_1.2.840.113619.2.278.3.717616.166.1580339224.53.4202498_deeds.nii.gz,1.2.840.113619.2.278.3.717616.166.1580339223.956_1.2.840.113619.2.278.3.717616.166.1580339224.53.4202498_deeds.nii.gz,29.084411939340512,0.9374692341210871,0.0106527144627701,0.00123469248858739,0.9860134076064067,24.411559699510153,0.9694587145777248,0.027790111571585965,0.0036211292796698167,0.9693557510591392,0.8068187779463237,0.0022326576945521518,0.00636789820502899,1.680549799703226,0.8694165948389415,1.1115367457373633,1,1,0.9798747897148132,12.219529215494791
l1_only,../sample_data_reg/ncct_cect/vindr_ds/all_baseline_algorithms/B2_deeds__aligned/1.2.840.113619.2.278.3.717616.286.1593493292.675/1.2.840.113619.2.278.3.717616.286.1593493292.675_1.2.840.113619.2.278.3.717616.286.1593493292.775.4202498_deeds.nii.gz,1.2.840.113619.2.278.3.717616.286.1593493292.675_1.2.840.113619.2.278.3.717616.286.1593493292.775.4202498_deeds.nii.gz,32.40770537543163,0.9533376901974279,0.008225391200464621,0.0005744198807123552,0.9933470466237798,26.87595013402802,0.9822580970267375,0.02174725466292429,0.0020530758126927765,0.982193944095654,0.807142348939289,0.002640840649568491,0.006035220292761529,1.5571091603766232,0.8780986227987035,1.1063090531478033,1,1,0.9745447039604187,11.213876342773437
l1_only,../sample_data_reg/ncct_cect/vindr_ds/all_baseline_algorithms/B2_deeds__aligned/1.2.840.113619.2.278.3.717616.306.1582703661.35/1.2.840.113619.2.278.3.717616.306.1582703661.35_1.2.840.113619.2.278.3.717616.306.1582703661.129.4202498_deeds.nii.gz,1.2.840.113619.2.278.3.717616.306.1582703661.35_1.2.840.113619.2.278.3.717616.306.1582703661.129.4202498_deeds.nii.gz,28.594777092425154,0.901508820349706,0.012650510491323066,0.0013820453394456753,0.981477911204629,23.834582504819338,0.9654418594432196,0.03311506340980869,0.00413563069006387,0.9654877964976688,0.8238938922012944,0.0014439820667431602,0.006612502920576662,1.8885791135850347,0.9006848773339788,1.062174604038231,1,1,0.9900619387626648,18.853375026157924
l1_only,../sample_data_reg/ncct_cect/vindr_ds/all_baseline_algorithms/B2_deeds__aligned/1.2.392.200036.9116.2.5.1.37.2418751871.1526972837.526920/1.2.392.200036.9116.2.5.1.37.2418751871.1526972837.526920_1.2.392.200036.9116.2.5.1.37.2418751871.1526973364.470863_deeds.nii.gz,1.2.392.200036.9116.2.5.1.37.2418751871.1526972837.526920_1.2.392.200036.9116.2.5.1.37.2418751871.1526973364.470863_deeds.nii.gz,29.831510827914855,0.9375379206497841,0.010463123791243555,0.0010395584602979125,0.990705509370279,24.67548577713711,0.9747906497880231,0.03143283716792079,0.003407622069438318,0.9752901982572629,0.8001882284116817,0.0035703639465057813,0.010242293667582166,1.179124623270131,0.7863032969565118,0.9951222916345779,1,1,0.9893099665641785,22.695860726492747
l1_only,../sample_data_reg/ncct_cect/vindr_ds/all_baseline_algorithms/B2_deeds__aligned/1.2.392.200036.9116.2.5.1.37.2418751871.1522984884.757455/1.2.392.200036.9116.2.5.1.37.2418751871.1522984884.757455_1.2.392.200036.9116.2.5.1.37.2418751871.1522985393.543093_deeds.nii.gz,1.2.392.200036.9116.2.5.1.37.2418751871.1522984884.757455_1.2.392.200036.9116.2.5.1.37.2418751871.1522985393.543093_deeds.nii.gz,29.85952797155175,0.9440859901065505,0.009745351694227595,0.0010328736612188099,0.9887102753378273,25.149633686267833,0.9753355438075276,0.02780449002775573,0.003055178797067598,0.9753308904768137,0.8328579883587035,0.003260824417956221,0.0070519510143453356,1.2262921946483896,0.8875998866552018,1.0752512266876924,1,1,0.9979110956192017,16.705457414899552
l1_only,../sample_data_reg/ncct_cect/vindr_ds/all_baseline_algorithms/B2_deeds__aligned/1.2.840.113619.2.278.3.717616.310.1589696975.113/1.2.840.113619.2.278.3.717616.310.1589696975.113_1.2.840.113619.2.278.3.717616.310.1589696975.214.4202498_deeds.nii.gz,1.2.840.113619.2.278.3.717616.310.1589696975.113_1.2.840.113619.2.278.3.717616.310.1589696975.214.4202498_deeds.nii.gz,30.603921537085835,0.9485622564016944,0.008081443671377725,0.0008701774932923866,0.9892194184896348,23.91341173232088,0.9697648815772503,0.028733270249236102,0.004061241606354715,0.9696190115424581,0.7839020067989912,0.0019342942845766836,0.006568093810206774,1.7519585332669587,0.8800785461987611,1.1132263498968131,1,1,0.9875634908676147,11.72190420968192
l1_only,../sample_data_reg/ncct_cect/vindr_ds/all_baseline_algorithms/B2_deeds__aligned/1.2.392.200036.9116.2.5.1.37.2418751871.1574736893.449879/1.2.392.200036.9116.2.5.1.37.2418751871.1574736893.449879_1.2.392.200036.9116.2.5.1.37.2418751871.1574737469.513228_deeds.nii.gz,1.2.392.200036.9116.2.5.1.37.2418751871.1574736893.449879_1.2.392.200036.9116.2.5.1.37.2418751871.1574737469.513228_deeds.nii.gz,27.465591881929825,0.9310072605115466,0.012260810224096898,0.0017924242536541967,0.9811204765799825,22.420793787829876,0.9587026850182008,0.03512815121564887,0.005726913469551489,0.958983389178311,0.8501508981379851,0.0028395686906711975,0.006267163788366171,1.2373464792656363,1.0595170250873924,1.2415492381536262,1,1,0.987737774848938,17.05982426234654
l1_only,../sample_data_reg/ncct_cect/vindr_ds/all_baseline_algorithms/B2_deeds__aligned/1.2.840.113619.2.278.3.717616.259.1592554882.977/1.2.840.113619.2.278.3.717616.259.1592554882.977_1.2.840.113619.2.278.3.717616.259.1592554883.67.4202498_deeds.nii.gz,1.2.840.113619.2.278.3.717616.259.1592554882.977_1.2.840.113619.2.278.3.717616.259.1592554883.67.4202498_deeds.nii.gz,32.81558619519116,0.9587552907878442,0.007761372138605113,0.000522927378547267,0.9930621682824552,26.826799654707507,0.9848761282521069,0.023770789258425212,0.0020764430987132956,0.9848812132607013,0.8123421479550367,0.0019501816785032385,0.005828653913381204,1.77140447629259,0.8959357988667738,1.0899624224901459,1,1,0.9898692965507507,14.142502848307291
l1_only,../sample_data_reg/ncct_cect/vindr_ds/all_baseline_algorithms/B2_deeds__aligned/1.2.840.113619.2.278.3.717616.249.1585713660.403/1.2.840.113619.2.278.3.717616.249.1585713660.403_1.2.840.113619.2.278.3.717616.249.1585713660.663.12_deeds.nii.gz,1.2.840.113619.2.278.3.717616.249.1585713660.403_1.2.840.113619.2.278.3.717616.249.1585713660.663.12_deeds.nii.gz,29.003733056344107,0.9368589710701928,0.010032406874699498,0.0012578437447595234,0.9805715711241254,22.438743797305673,0.9478324984091809,0.0389487563495644,0.005703292169258805,0.9486983023584368,0.6865245181000117,0.002262185748405074,0.008712291520395802,1.8959005760809966,0.9102696906181759,1.2362262732053357,1,1,0.810101330280304,21.203985595703124
l1_only,../sample_data_reg/ncct_cect/vindr_ds/all_baseline_algorithms/B2_deeds__aligned/1.2.840.113619.2.278.3.717616.306.1582703645.873/1.2.840.113619.2.278.3.717616.306.1582703645.873_1.2.840.113619.2.278.3.717616.306.1582703646.13.4202498_deeds.nii.gz,1.2.840.113619.2.278.3.717616.306.1582703645.873_1.2.840.113619.2.278.3.717616.306.1582703646.13.4202498_deeds.nii.gz,30.95883857272529,0.9529903143217844,0.007664802681305097,0.000801892483629788,0.9878935113880383,24.195552878404495,0.9662479766383931,0.028974853208870083,0.0038057890493591847,0.9660897011431181,0.8968042903562689,0.0012002056695790057,0.00504082681407327,1.892403805746386,0.9428042131552609,1.0742010108452953,1,1,0.9882742762565613,14.620548502604167
l1_only,../sample_data_reg/ncct_cect/vindr_ds/all_baseline_algorithms/B2_deeds__aligned/1.2.840.113619.2.278.3.717616.286.1587944983.828/1.2.840.113619.2.278.3.717616.286.1587944983.828_1.2.840.113619.2.278.3.717616.286.1587944983.915.4202498_deeds.nii.gz,1.2.840.113619.2.278.3.717616.286.1587944983.828_1.2.840.113619.2.278.3.717616.286.1587944983.915.4202498_deeds.nii.gz,33.502115479026,0.9567723799603776,0.006704708156036881,0.0004464660624098918,0.9935962684083196,27.347230026131033,0.9846914001809458,0.024521432752341137,0.0018419464388525404,0.9848893372836555,0.8404434908092522,0.0014888788604831384,0.005782204553795042,2.0271611056595473,0.9106212637115446,1.0882993089931599,1,1,0.975625216960907,21.220710245768228
l1_only,../sample_data_reg/ncct_cect/vindr_ds/all_baseline_algorithms/B2_deeds__aligned/1.2.392.200036.9116.2.5.1.37.2418751871.1432695579.168588/1.2.392.200036.9116.2.5.1.37.2418751871.1432695579.168588_1.2.392.200036.9116.2.5.1.37.2418751871.1432696175.178596_deeds.nii.gz,1.2.392.200036.9116.2.5.1.37.2418751871.1432695579.168588_1.2.392.200036.9116.2.5.1.37.2418751871.1432696175.178596_deeds.nii.gz,29.923061189945585,0.9150521893838576,0.011710535893653583,0.00101787367157754,0.9880540047738706,25.4083890944587,0.9755473997893898,0.02980144328796762,0.0028784659108721813,0.9759923889464307,0.8209338857417455,0.001988705319934165,0.007836921594306998,1.2906200178432388,0.9029708323353558,1.0475277750288021,1,1,0.9860876798629761,34.97860412597656
l1_only,../sample_data_reg/ncct_cect/vindr_ds/all_baseline_algorithms/B2_deeds__aligned/1.2.840.113619.2.278.3.717616.306.1582703665.824/1.2.840.113619.2.278.3.717616.306.1582703665.824_1.2.840.113619.2.278.3.717616.306.1582703665.961.4202498_deeds.nii.gz,1.2.840.113619.2.278.3.717616.306.1582703665.824_1.2.840.113619.2.278.3.717616.306.1582703665.961.4202498_deeds.nii.gz,25.959777388535265,0.9219742795134358,0.012676063657827126,0.00253525857991823,0.9655241382395372,19.583881895181314,0.9115555061034658,0.04419961089769341,0.0110055515021414,0.9119883749805556,1.018519703508055,0.0009131018483271735,0.0042513714342666785,1.7692025760863235,1.0039275393069045,1.0901750965426609,1,1,0.9862041473388672,20.41932067871094
l1_only,../sample_data_reg/ncct_cect/vindr_ds/all_baseline_algorithms/B2_deeds__aligned/1.2.840.113619.2.278.3.717616.286.1587944967.557/1.2.840.113619.2.278.3.717616.286.1587944967.557_1.2.840.113619.2.278.3.717616.286.1587944967.658.4202498_deeds.nii.gz,1.2.840.113619.2.278.3.717616.286.1587944967.557_1.2.840.113619.2.278.3.717616.286.1587944967.658.4202498_deeds.nii.gz,30.946540477802618,0.9483157855756251,0.008798030627109652,0.0008041664535840223,0.9891109124958982,24.255824887660516,0.9652741326085825,0.028577395067085218,0.0037533365780110634,0.9650166907450353,0.80079750910692,0.0019396321420564828,0.006640999207005838,1.6100878473158065,0.878840972768338,1.0733447985296078,1,1,0.9857762455940247,9.725831168038505
l1_only,../sample_data_reg/ncct_cect/vindr_ds/all_baseline_algorithms/B2_deeds__aligned/1.2.840.113619.2.278.3.717616.260.1578649386.487/1.2.840.113619.2.278.3.717616.260.1578649386.487_1.2.840.113619.2.278.3.717616.260.1578649386.582.4202498_deeds.nii.gz,1.2.840.113619.2.278.3.717616.260.1578649386.487_1.2.840.113619.2.278.3.717616.260.1578649386.582.4202498_deeds.nii.gz,31.893033921511453,0.9500090896215225,0.007137467413640288,0.0006466906886923456,0.9921982424512883,25.22064364396992,0.9729577229684305,0.02538867329121311,0.0030056308216016925,0.9727849232812914,0.8714549020046172,0.0015774540629319446,0.006302075128268494,1.9843660686284625,0.8786129162946755,1.0795915029812555,0,0,0.4378587305545807,13.910106113978795
l1_only,../sample_data_reg/ncct_cect/vindr_ds/all_baseline_algorithms/B2_deeds__aligned/1.2.840.113619.2.278.3.717616.260.1578649359.241/1.2.840.113619.2.278.3.717616.260.1578649359.241_1.2.840.113619.2.278.3.717616.260.1578649359.370.4202498_deeds.nii.gz,1.2.840.113619.2.278.3.717616.260.1578649359.241_1.2.840.113619.2.278.3.717616.260.1578649359.370.4202498_deeds.nii.gz,30.47094690265364,0.9488869703347528,0.00907857239913873,0.0008972331472821977,0.9883656344051412,24.549778250860577,0.9750904910705739,0.027749347567507084,0.0035076978366939747,0.9751636716973424,0.8262904612020806,0.0017633264083727522,0.005335299543101061,1.6714949947108293,0.8989084288125055,1.071943770623262,1,1,0.9929139018058777,10.887414114815849
l1_only,../sample_data_reg/ncct_cect/vindr_ds/all_baseline_algorithms/B2_deeds__aligned/1.2.840.113619.2.278.3.717616.202.1592287869.821/1.2.840.113619.2.278.3.717616.202.1592287869.821_1.2.840.113619.2.278.3.717616.202.1592287869.941.4202498_deeds.nii.gz,1.2.840.113619.2.278.3.717616.202.1592287869.821_1.2.840.113619.2.278.3.717616.202.1592287869.941.4202498_deeds.nii.gz,31.601502368664327,0.9399665722181454,0.009392692894643083,0.0006915916850295572,0.9892940435601231,25.11878789586699,0.9671804340806721,0.031759420223394605,0.003076955464845774,0.9670554834300152,0.7571904901329272,0.002410825598579995,0.009120054177270529,1.5328220739102714,0.87565884096851,1.1434401757918584,1,1,0.9894679188728333,20.567079671223958
l1_organ_curriculum,../sample_data_reg/ncct_cect/vindr_ds/all_baseline_algorithms/B2_deeds__aligned/1.2.840.113619.2.278.3.717616.286.1587944968.878/1.2.840.113619.2.278.3.717616.286.1587944968.878_1.2.840.113619.2.278.3.717616.286.1587944968.981.4202498_deeds.nii.gz,1.2.840.113619.2.278.3.717616.286.1587944968.878_1.2.840.113619.2.278.3.717616.286.1587944968.981.4202498_deeds.nii.gz,29.7863096333622,0.9417069116377169,0.012443023902549075,0.0010504346440943816,0.9850639170945565,24.440193186680375,0.9661727744890373,0.03384947026957671,0.003597333328262189,0.9667804684561775,0.8566936464674682,0.0010351116459839218,0.004119497486286089,1.8887734625781771,0.9521736854476753,1.0932517122214234,1,1,0.968853771686554,14.472384643554687
l1_organ_curriculum,../sample_data_reg/ncct_cect/vindr_ds/all_baseline_algorithms/B2_deeds__aligned/1.2.840.113619.2.278.3.717616.323.1577925255.997/1.2.840.113619.2.278.3.717616.323.1577925255.997_1.2.840.113619.2.278.3.717616.323.1577925256.95.4202498_deeds.nii.gz,1.2.840.113619.2.278.3.717616.323.1577925255.997_1.2.840.113619.2.278.3.717616.323.1577925256.95.4202498_deeds.nii.gz,31.40867610503003,0.9553584497722475,0.008113956947974572,0.0007229901649485707,0.9898732031348612,25.209127089912904,0.9803613044866716,0.028640431709043818,0.003013611684123116,0.9809126890046874,1.0389627102169976,0.0008368276902532583,0.004057281098169361,1.8790169907604601,0.9611023581508215,1.027192260720478,1,1,0.9733098745346069,26.908819071451823
l1_organ_curriculum,../sample_data_reg/ncct_cect/vindr_ds/all_baseline_algorithms/B2_deeds__aligned/1.2.840.113619.2.278.3.717616.166.1580339223.519/1.2.840.113619.2.278.3.717616.166.1580339223.519_1.2.840.113619.2.278.3.717616.166.1580339223.616.4202498_deeds.nii.gz,1.2.840.113619.2.278.3.717616.166.1580339223.519_1.2.840.113619.2.278.3.717616.166.1580339223.616.4202498_deeds.nii.gz,32.087839661110785,0.9515316890292496,0.008145760803634673,0.00061832390047378,0.9918211513160475,26.1742926454559,0.9765439674091669,0.02562008893746048,0.0024130745286592044,0.9763826449033448,0.8022128245732871,0.0018713273402005694,0.006178056334945715,1.6724743082475215,0.9031864683999495,1.1021102680254755,1,1,0.9747903943061829,12.671427408854166
l1_organ_curriculum,../sample_data_reg/ncct_cect/vindr_ds/all_baseline_algorithms/B2_deeds__aligned/1.2.840.113619.2.278.3.717616.166.1580339223.956/1.2.840.113619.2.278.3.717616.166.1580339223.956_1.2.840.113619.2.278.3.717616.166.1580339224.53.4202498_deeds.nii.gz,1.2.840.113619.2.278.3.717616.166.1580339223.956_1.2.840.113619.2.278.3.717616.166.1580339224.53.4202498_deeds.nii.gz,29.029723222095484,0.9375037918261481,0.010781750824803172,0.0012503387123495254,0.9859432575654138,24.354504136845936,0.9692883551582185,0.028402186602432745,0.003669015836658727,0.969216425885285,0.8082815375878979,0.0021926897564334817,0.006239961851299468,1.6942691655322286,0.8744380312007367,1.1128171201693753,1,1,0.9897317886352539,12.36346435546875
l1_organ_curriculum,../sample_data_reg/ncct_cect/vindr_ds/all_baseline_algorithms/B2_deeds__aligned/1.2.840.113619.2.278.3.717616.286.1593493292.675/1.2.840.113619.2.278.3.717616.286.1593493292.675_1.2.840.113619.2.278.3.717616.286.1593493292.775.4202498_deeds.nii.gz,1.2.840.113619.2.278.3.717616.286.1593493292.675_1.2.840.113619.2.278.3.717616.286.1593493292.775.4202498_deeds.nii.gz,32.27866548029874,0.9527306000635971,0.00828902834666488,0.000591743439838134,0.9931492380447177,26.81692693103567,0.9820555164284169,0.021743856308698347,0.002081168801832076,0.9819662971756049,0.809372003842256,0.0026523603967588843,0.005843794276830799,1.5668351219404881,0.8811791760324146,1.1095972316319367,1,1,0.9720379114151001,9.584676106770834
l1_organ_curriculum,../sample_data_reg/ncct_cect/vindr_ds/all_baseline_algorithms/B2_deeds__aligned/1.2.840.113619.2.278.3.717616.306.1582703661.35/1.2.840.113619.2.278.3.717616.306.1582703661.35_1.2.840.113619.2.278.3.717616.306.1582703661.129.4202498_deeds.nii.gz,1.2.840.113619.2.278.3.717616.306.1582703661.35_1.2.840.113619.2.278.3.717616.306.1582703661.129.4202498_deeds.nii.gz,29.480229122692798,0.919658282272789,0.010812922830301356,0.0011271379896810895,0.9849269306695543,23.88051743444757,0.966250785524392,0.03262399713162343,0.00409211901811723,0.9660880314718062,0.8266501836496842,0.0013743488853049442,0.0064356084336125675,1.7167494749550065,0.8859295013111761,1.043852003930418,1,1,0.9953739047050476,18.176904950823104
l1_organ_curriculum,../sample_data_reg/ncct_cect/vindr_ds/all_baseline_algorithms/B2_deeds__aligned/1.2.392.200036.9116.2.5.1.37.2418751871.1526972837.526920/1.2.392.200036.9116.2.5.1.37.2418751871.1526972837.526920_1.2.392.200036.9116.2.5.1.37.2418751871.1526973364.470863_deeds.nii.gz,1.2.392.200036.9116.2.5.1.37.2418751871.1526972837.526920_1.2.392.200036.9116.2.5.1.37.2418751871.1526973364.470863_deeds.nii.gz,29.690977642777977,0.937522854059415,0.010447649583453336,0.001073747673183912,0.9904711678884992,24.671571351829094,0.9749553959164803,0.031349170440274056,0.0034106948451232146,0.9754942043025875,0.8046363013884926,0.003534554320964103,0.00962408417907242,1.1863267819383967,0.8040786807594361,1.0111681071911889,1,1,0.9948973655700684,22.321626935686385
l1_organ_curriculum,../sample_data_reg/ncct_cect/vindr_ds/all_baseline_algorithms/B2_deeds__aligned/1.2.392.200036.9116.2.5.1.37.2418751871.1522984884.757455/1.2.392.200036.9116.2.5.1.37.2418751871.1522984884.757455_1.2.392.200036.9116.2.5.1.37.2418751871.1522985393.543093_deeds.nii.gz,1.2.392.200036.9116.2.5.1.37.2418751871.1522984884.757455_1.2.392.200036.9116.2.5.1.37.2418751871.1522985393.543093_deeds.nii.gz,29.967459977183534,0.9445438624208936,0.0095282100899978,0.001007520757038714,0.988886777463791,25.14913055439593,0.9753248552769856,0.027469677788904714,0.0030555327612404874,0.9752579706800537,0.8447113776455721,0.0031377535596514737,0.006673219853210578,1.2268661063631983,0.8972016063180104,1.0757960793796977,1,1,0.997907817363739,15.405861990792411
l1_organ_curriculum,../sample_data_reg/ncct_cect/vindr_ds/all_baseline_algorithms/B2_deeds__aligned/1.2.840.113619.2.278.3.717616.310.1589696975.113/1.2.840.113619.2.278.3.717616.310.1589696975.113_1.2.840.113619.2.278.3.717616.310.1589696975.214.4202498_deeds.nii.gz,1.2.840.113619.2.278.3.717616.310.1589696975.113_1.2.840.113619.2.278.3.717616.310.1589696975.214.4202498_deeds.nii.gz,30.528502590395274,0.9492673514603562,0.008079567086953872,0.0008854208426133842,0.9890660106852435,23.852199135467625,0.969502416396659,0.028940106161719124,0.00411888898243048,0.9693559957866098,0.7913428202928448,0.0020284571922198884,0.006351519464820629,1.7718652113878202,0.8861101516578872,1.1284438115370048,1,1,0.987502932548523,9.963882446289062
l1_organ_curriculum,../sample_data_reg/ncct_cect/vindr_ds/all_baseline_algorithms/B2_deeds__aligned/1.2.392.200036.9116.2.5.1.37.2418751871.1574736893.449879/1.2.392.200036.9116.2.5.1.37.2418751871.1574736893.449879_1.2.392.200036.9116.2.5.1.37.2418751871.1574737469.513228_deeds.nii.gz,1.2.392.200036.9116.2.5.1.37.2418751871.1574736893.449879_1.2.392.200036.9116.2.5.1.37.2418751871.1574737469.513228_deeds.nii.gz,27.45212319456838,0.9310206779556314,0.01222806860118281,0.0017979916915471154,0.9810656729945992,22.402388608634624,0.9586597450666627,0.03512597564960581,0.005751235338497539,0.9588051776646882,0.8589381067622797,0.0026871242045728365,0.005938862208887355,1.2345533363790382,1.07206125058092,1.2446649879907914,1,1,0.9875413179397583,14.939747401646205
l1_organ_curriculum,../sample_data_reg/ncct_cect/vindr_ds/all_baseline_algorithms/B2_deeds__aligned/1.2.840.113619.2.278.3.717616.259.1592554882.977/1.2.840.113619.2.278.3.717616.259.1592554882.977_1.2.840.113619.2.278.3.717616.259.1592554883.67.4202498_deeds.nii.gz,1.2.840.113619.2.278.3.717616.259.1592554882.977_1.2.840.113619.2.278.3.717616.259.1592554883.67.4202498_deeds.nii.gz,32.73930678591749,0.9582182091164911,0.007833717397293901,0.0005321932003366223,0.9929353913017475,26.779105372070873,0.9847461342902729,0.024028350273727853,0.0020993723007366283,0.9846981765643343,0.8119557689792124,0.002024888271218682,0.005860021566514817,1.7776527423124286,0.8944517869519613,1.0919632109084156,1,1,0.988940417766571,14.469108072916667
l1_organ_curriculum,../sample_data_reg/ncct_cect/vindr_ds/all_baseline_algorithms/B2_deeds__aligned/1.2.840.113619.2.278.3.717616.249.1585713660.403/1.2.840.113619.2.278.3.717616.249.1585713660.403_1.2.840.113619.2.278.3.717616.249.1585713660.663.12_deeds.nii.gz,1.2.840.113619.2.278.3.717616.249.1585713660.403_1.2.840.113619.2.278.3.717616.249.1585713660.663.12_deeds.nii.gz,28.93120097433014,0.9409099441555121,0.009801350679419755,0.001279027559926339,0.9801853434964974,22.314905312726083,0.9463005663146268,0.039124836369666044,0.0058682616378639505,0.9470023329383735,0.6857968495715024,0.0023046953513736,0.00863773146094472,1.8742694668557962,0.9028039081512206,1.2356800323442683,1,1,0.8585289716720581,18.130865478515624
l1_organ_curriculum,../sample_data_reg/ncct_cect/vindr_ds/all_baseline_algorithms/B2_deeds__aligned/1.2.840.113619.2.278.3.717616.306.1582703645.873/1.2.840.113619.2.278.3.717616.306.1582703645.873_1.2.840.113619.2.278.3.717616.306.1582703646.13.4202498_deeds.nii.gz,1.2.840.113619.2.278.3.717616.306.1582703645.873_1.2.840.113619.2.278.3.717616.306.1582703646.13.4202498_deeds.nii.gz,30.991552186974836,0.9553395543148372,0.007498512836597786,0.0007958748505184192,0.9880571146501781,24.18387220451531,0.9664061854150586,0.028517142476928613,0.0038160387802859764,0.9661916580594865,0.9002880300455934,0.0012228034583988644,0.004766466413132772,1.8898934436626553,0.9449495568914043,1.080515673210739,1,1,0.987013041973114,12.313525390625
l1_organ_curriculum,../sample_data_reg/ncct_cect/vindr_ds/all_baseline_algorithms/B2_deeds__aligned/1.2.840.113619.2.278.3.717616.286.1587944983.828/1.2.840.113619.2.278.3.717616.286.1587944983.828_1.2.840.113619.2.278.3.717616.286.1587944983.915.4202498_deeds.nii.gz,1.2.840.113619.2.278.3.717616.286.1587944983.828_1.2.840.113619.2.278.3.717616.286.1587944983.915.4202498_deeds.nii.gz,33.44050184765852,0.9609846183863668,0.0065067965583744565,0.0004528452484861058,0.9934524787583298,27.482227152781327,0.9850788091779732,0.023676559644949757,0.0017855716615926525,0.9850785717477204,0.8435180083002394,0.0013779214341638607,0.005644354850556644,2.0113824799954387,0.9113653048314041,1.0830266173890422,1,1,0.974526584148407,15.328255208333333
l1_organ_curriculum,../sample_data_reg/ncct_cect/vindr_ds/all_baseline_algorithms/B2_deeds__aligned/1.2.392.200036.9116.2.5.1.37.2418751871.1432695579.168588/1.2.392.200036.9116.2.5.1.37.2418751871.1432695579.168588_1.2.392.200036.9116.2.5.1.37.2418751871.1432696175.178596_deeds.nii.gz,1.2.392.200036.9116.2.5.1.37.2418751871.1432695579.168588_1.2.392.200036.9116.2.5.1.37.2418751871.1432696175.178596_deeds.nii.gz,29.831996672654604,0.9209395221172887,0.01150114272376985,0.0010394421715166895,0.9877849559429323,25.40059752251816,0.9754671159630025,0.03004181215188163,0.00288363473197352,0.9757348571197874,0.814866965672224,0.0021067133964635383,0.007638600006050175,1.2655612413087656,0.902444772919571,1.0472598775551225,1,1,0.9921175837516785,31.955194091796876
l1_organ_curriculum,../sample_data_reg/ncct_cect/vindr_ds/all_baseline_algorithms/B2_deeds__aligned/1.2.840.113619.2.278.3.717616.306.1582703665.824/1.2.840.113619.2.278.3.717616.306.1582703665.824_1.2.840.113619.2.278.3.717616.306.1582703665.961.4202498_deeds.nii.gz,1.2.840.113619.2.278.3.717616.306.1582703665.824_1.2.840.113619.2.278.3.717616.306.1582703665.961.4202498_deeds.nii.gz,25.96705975827546,0.9243481263508887,0.01248142405296132,0.002531010950623197,0.9656729554360692,19.611784918089693,0.9123022085501068,0.04366254113683423,0.01093506850704403,0.9123745574896087,1.0265283118432964,0.0008980035437709358,0.004176650349450888,1.7545155077889212,1.0064534363824413,1.0914860496444199,1,1,0.9776605367660522,17.916030883789062
l1_organ_curriculum,../sample_data_reg/ncct_cect/vindr_ds/all_baseline_algorithms/B2_deeds__aligned/1.2.840.113619.2.278.3.717616.286.1587944967.557/1.2.840.113619.2.278.3.717616.286.1587944967.557_1.2.840.113619.2.278.3.717616.286.1587944967.658.4202498_deeds.nii.gz,1.2.840.113619.2.278.3.717616.286.1587944967.557_1.2.840.113619.2.278.3.717616.286.1587944967.658.4202498_deeds.nii.gz,30.86765829461048,0.9489248450249325,0.00881968267442533,0.0008189062213770362,0.9889791571306339,24.153143509675917,0.9646825504667133,0.02884722802693449,0.0038431350760104715,0.9644391775536435,0.8030438757471783,0.0019131228733218792,0.00638814419942947,1.6234010548272775,0.8831055583201944,1.0769441976195957,1,1,0.9870440363883972,8.244153703962054
l1_organ_curriculum,../sample_data_reg/ncct_cect/vindr_ds/all_baseline_algorithms/B2_deeds__aligned/1.2.840.113619.2.278.3.717616.260.1578649386.487/1.2.840.113619.2.278.3.717616.260.1578649386.487_1.2.840.113619.2.278.3.717616.260.1578649386.582.4202498_deeds.nii.gz,1.2.840.113619.2.278.3.717616.260.1578649386.487_1.2.840.113619.2.278.3.717616.260.1578649386.582.4202498_deeds.nii.gz,31.877284449921515,0.951822006160018,0.0070971288083575765,0.0006490401375481067,0.9921867277573055,25.217945767883695,0.9729901024233234,0.025541814932361427,0.0030074985263533693,0.9728009226466859,0.8735594636875806,0.0016335958237470789,0.006006195896629938,2.002467897092499,0.8848772690335124,1.0957802746044494,1,1,0.9943289756774902,11.262087140764509
l1_organ_curriculum,../sample_data_reg/ncct_cect/vindr_ds/all_baseline_algorithms/B2_deeds__aligned/1.2.840.113619.2.278.3.717616.260.1578649359.241/1.2.840.113619.2.278.3.717616.260.1578649359.241_1.2.840.113619.2.278.3.717616.260.1578649359.370.4202498_deeds.nii.gz,1.2.840.113619.2.278.3.717616.260.1578649359.241_1.2.840.113619.2.278.3.717616.260.1578649359.370.4202498_deeds.nii.gz,30.33554050172169,0.9490937508041049,0.009304468683818396,0.0009256481762962939,0.9881928595185018,24.391538065050312,0.9744477542253045,0.028779314072386545,0.003637861775026224,0.9746693329122362,0.8332179754672864,0.0017571662705566549,0.005286685110490685,1.665346398597463,0.9003043491133019,1.0720136163990304,1,1,0.9922767877578735,11.312335423060826
l1_organ_curriculum,../sample_data_reg/ncct_cect/vindr_ds/all_baseline_algorithms/B2_deeds__aligned/1.2.840.113619.2.278.3.717616.202.1592287869.821/1.2.840.113619.2.278.3.717616.202.1592287869.821_1.2.840.113619.2.278.3.717616.202.1592287869.941.4202498_deeds.nii.gz,1.2.840.113619.2.278.3.717616.202.1592287869.821_1.2.840.113619.2.278.3.717616.202.1592287869.941.4202498_deeds.nii.gz,31.54275744740992,0.9396912271157162,0.009548271699637357,0.0007010100677616616,0.9892030613618629,25.143453735320094,0.9672778623400556,0.031604946740164834,0.0030595293692859834,0.9670003970195871,0.7560098469348405,0.0023687781812465145,0.00877191899469854,1.54864167181405,0.8782981205060114,1.1463682829561859,1,1,0.9889653921127319,17.025841776529948
