model,case,psnr,ssim,mae,mse,pcc,org_psnr,org_ssim,org_mae,org_mse,org_pcc,body_psnr,body_ssim,body_mae,body_mse,body_pcc,body_frac,raps_hf,grad_w1,org_grad_w1,seam,zflicker,zaniso,lpips,phase_match,agree_real,gen_prob,feature_l1_hu
cytran,1.2.840.113619.2.278.3.717616.286.1587944968.878_1.2.840.113619.2.278.3.717616.286.1587944968.981.4202498_deeds.nii.gz,29.67968642786579,0.9238379882603794,0.013118867398893598,0.001076542940079234,0.9836404223858943,23.013601544116,0.9530903769271719,0.046308362427151153,0.004996200351411838,0.957215895436603,25.89286154911262,0.9585567546977494,0.031557479178309325,0.002574624188336952,0.9619237283587403,0.41221642573459505,0.7862938489435953,0.0011395029945397248,0.0032418796494714302,nan,1.012198369087868,1.1190556138438856,nan,0,0,0.00117086386308074,37.07839762369792
cytran,1.2.840.113619.2.278.3.717616.323.1577925255.997_1.2.840.113619.2.278.3.717616.323.1577925256.95.4202498_deeds.nii.gz,29.302632196088453,0.9364107920944877,0.012173907857477415,0.0011741856822613372,0.985692229951639,22.590668195633768,0.9663479489911013,0.04737574772447963,0.005507229569023448,0.9721194889712799,24.539451934766483,0.9613303305521879,0.03714123656807168,0.003516048090895258,0.9663830852647318,0.322091862414412,0.923335889646776,0.000533469582509132,0.000948288153630966,nan,1.114615830934285,1.1170696335994934,nan,0,0,0.3531419634819031,56.0558827718099
cytran,1.2.840.113619.2.278.3.717616.166.1580339223.519_1.2.840.113619.2.278.3.717616.166.1580339223.616.4202498_deeds.nii.gz,30.659523630587238,0.9423473057364994,0.010714466042723376,0.0008591077502435635,0.9888474851584067,24.60148954557228,0.9665182808568011,0.037164280950687835,0.003466179468512593,0.9674392916683394,25.843881688845517,0.9663191226425197,0.03251219135864947,0.0026038252317702546,0.967276119387329,0.32588956636968297,0.7280609556288268,0.0011488696017215485,0.00230023644801861,nan,1.0703910833950943,1.2088665276858857,nan,0,0,0.36888429522514343,19.559804280598957
cytran,1.2.840.113619.2.278.3.717616.166.1580339223.956_1.2.840.113619.2.278.3.717616.166.1580339224.53.4202498_deeds.nii.gz,28.622085399517168,0.9216329510596287,0.012800182048689792,0.0013733823445684081,0.9842376936350704,23.730625609089266,0.9641546679923289,0.036084456369345624,0.004235819439061005,0.9649689075979272,24.232946530533916,0.9564965722985881,0.03513028143840134,0.0037731610877009157,0.957068191490209,0.3605398557027855,0.7014978736077192,0.0012520635289828565,0.0023801949643832763,nan,1.0401444823625114,1.2008721837850271,nan,1,1,0.44104036688804626,18.5328369140625
cytran,1.2.840.113619.2.278.3.717616.286.1593493292.675_1.2.840.113619.2.278.3.717616.286.1593493292.775.4202498_deeds.nii.gz,30.424253263187143,0.934651558622509,0.012025041742713169,0.0009069318913198947,0.9899548026069257,24.825721465274484,0.9723693879511116,0.03373913537817675,0.0032917576495470288,0.9736015803956692,26.76460717113571,0.9728405473795805,0.027998447244093273,0.0021063924181791618,0.9738077889854893,0.4253575697439112,0.7426606866770347,0.001232620941719254,0.001686032881541286,nan,1.061930622713549,1.1818365699668356,nan,1,1,0.43549102544784546,27.55612589518229
cytran,1.2.840.113619.2.278.3.717616.306.1582703661.35_1.2.840.113619.2.278.3.717616.306.1582703661.129.4202498_deeds.nii.gz,28.76700835327945,0.933997632345723,0.011822813173581656,0.001328309151216457,0.9824577360122885,22.62525880837763,0.9546582703779233,0.04299796680028163,0.00546353990130576,0.956750144036189,23.400495411126187,0.9454027063886797,0.04063158639006181,0.004570360513379611,0.9471687436214833,0.2882795300858457,0.7361012673614965,0.0012079125972668007,0.0038617452425630133,nan,0.9959492769197857,1.1436905758361,nan,0,0,0.27260416746139526,31.559403555733816
cytran,1.2.392.200036.9116.2.5.1.37.2418751871.1526972837.526920_1.2.392.200036.9116.2.5.1.37.2418751871.1526973364.470863_deeds.nii.gz,27.53415859709363,0.9113605050092773,0.015291691987061725,0.001764347556377221,0.9849856059653219,22.44166194035939,0.9596007083392664,0.04751495723189852,0.00569946125891522,0.962931864731733,23.230542716247797,0.9525355132328845,0.044478526241974875,0.004752758293713683,0.9552564179618763,0.2830902040602605,0.6972795425097019,0.002402734329674453,0.00372402296527828,nan,1.0760296579177584,1.2522742049576614,nan,1,1,0.8418492078781128,39.49519566127232
cytran,1.2.392.200036.9116.2.5.1.37.2418751871.1522984884.757455_1.2.392.200036.9116.2.5.1.37.2418751871.1522985393.543093_deeds.nii.gz,28.286689118770248,0.9253212810305136,0.013863201193710898,0.0014836487264451629,0.9843123740879774,23.11038760712713,0.9615054298987875,0.043237417633219165,0.004886087491444252,0.9629491936267383,24.27474338714911,0.9600652742659721,0.039338748558275405,0.003737022057813197,0.9616629474613355,0.2872439413280216,0.7301485201675786,0.0023547377414190386,0.0021591227061652815,nan,1.1593956226934163,1.2772024117172762,nan,1,1,0.8577288389205933,34.996543884277344
cytran,1.2.840.113619.2.278.3.717616.310.1589696975.113_1.2.840.113619.2.278.3.717616.310.1589696975.214.4202498_deeds.nii.gz,29.387897496489607,0.9296218126728177,0.010980024312468894,0.0011513576485300892,0.9859406486372796,22.876757695140405,0.961432953114976,0.03981076791437165,0.005156134415673763,0.9623935323496321,24.193008882886744,0.9574847021792979,0.03623146912690222,0.0038080190446639246,0.9583257400985735,0.29022336311819963,0.6771051691616903,0.0011822968200782499,0.0027430931904547412,nan,1.067981628772548,1.2341836074765478,nan,0,0,0.006443105638027191,29.66079330444336
cytran,1.2.392.200036.9116.2.5.1.37.2418751871.1574736893.449879_1.2.392.200036.9116.2.5.1.37.2418751871.1574737469.513228_deeds.nii.gz,26.16934357475518,0.9087205495243846,0.017000683904491887,0.002415825952900076,0.9748072536665826,21.165039712168795,0.9453560050039908,0.05015159661833634,0.007647086958610055,0.9474492877190437,21.968412462176424,0.935565591468456,0.045555219782641085,0.0063556321577322135,0.9366688218500286,0.31846080952428396,0.7599813530494013,0.0026433059581034805,0.002841323979609813,nan,1.366769270870275,1.4816804797466918,nan,1,1,0.48432502150535583,29.883038112095424
cytran,1.2.840.113619.2.278.3.717616.259.1592554882.977_1.2.840.113619.2.278.3.717616.259.1592554883.67.4202498_deeds.nii.gz,30.091414557500322,0.9407735827760411,0.012282311870623239,0.0009791710038554095,0.9885430594298779,23.53562932893393,0.970586119834191,0.04406155870631082,0.004430340105135698,0.9739924277893518,25.931697790291437,0.9707233030803372,0.03200713660254197,0.0025517035684872527,0.9738062170757139,0.38002527931945435,0.6951033814112214,0.0016462136645081684,0.004031872255625002,nan,0.9948363825667826,1.1554667350843881,nan,0,0,0.0011358412448316813,45.08541564941406
cytran,1.2.840.113619.2.278.3.717616.249.1585713660.403_1.2.840.113619.2.278.3.717616.249.1585713660.663.12_deeds.nii.gz,27.234658510091787,0.9363121304653697,0.013485262770691385,0.0018903148626103743,0.9749767645755617,19.942185361894776,0.9160149118237394,0.06487319764519221,0.010134013157245454,0.9293122808271546,21.007862785582194,0.9099130672829792,0.05647966115119779,0.007928914257187543,0.9209111945195915,0.2348892779970323,0.6031029106220277,0.0021491305087461584,0.006890872228969724,nan,1.0297228391956141,1.3735865203449127,nan,0,0,0.061614423990249634,51.73433837890625
cytran,1.2.840.113619.2.278.3.717616.306.1582703645.873_1.2.840.113619.2.278.3.717616.306.1582703646.13.4202498_deeds.nii.gz,29.521096013262266,0.9350286057645741,0.010769960263644612,0.0011165814246086709,0.9837875549195254,22.688819814177137,0.9539219238632053,0.04516585550019123,0.00538416076037283,0.9559816523485614,23.90936031858448,0.9520615283777735,0.03933233378762412,0.004065031994613949,0.9540842977918949,0.2514754137276546,0.7998266913966361,0.0010373160979602932,0.0015880734818356408,nan,1.1270856722360068,1.199333554179826,nan,1,1,0.5116844177246094,37.01139424641927
cytran,1.2.840.113619.2.278.3.717616.286.1587944983.828_1.2.840.113619.2.278.3.717616.286.1587944983.915.4202498_deeds.nii.gz,30.523776568848334,0.9537030864310178,0.009750881437663641,0.0008863848879308053,0.9890041165451384,23.512512186827486,0.9660619099785362,0.04371193205955286,0.004453985320192402,0.9706638821416315,24.53853329840069,0.9615367624783914,0.03927461251787081,0.00351679189755333,0.9658095093453554,0.241579215748046,0.7375079868235087,0.0012006700660497029,0.003892754453187319,nan,1.0136591155345949,1.1690198308183952,nan,0,0,0.0016726674512028694,52.31178385416667
cytran,1.2.392.200036.9116.2.5.1.37.2418751871.1432695579.168588_1.2.392.200036.9116.2.5.1.37.2418751871.1432696175.178596_deeds.nii.gz,27.778069084932522,0.9182801023505878,0.01498513260587489,0.0016679886515222906,0.9818161322506774,22.830671389536484,0.9571388251454507,0.04438121337341218,0.005211141441986376,0.9610864166917467,24.030292526156472,0.9546364422871763,0.040083698321293965,0.003953399903991812,0.9580238935344856,0.317671122707103,0.7582135580121777,0.002431681367549292,0.003090405201472637,nan,1.0830208491918834,1.2325689894762952,nan,0,0,0.3797827363014221,56.69839070638021
cytran,1.2.840.113619.2.278.3.717616.306.1582703665.824_1.2.840.113619.2.278.3.717616.306.1582703665.961.4202498_deeds.nii.gz,25.595662542901838,0.914014597233949,0.014825368196432053,0.002756980825907202,0.963313108769788,19.122513703206025,0.9034876398372101,0.05678593155791005,0.012239075945975597,0.9085864055979367,19.834904184672904,0.8833761674089486,0.05565559753600029,0.01038746519301322,0.886236145068112,0.2634676080137512,0.89210841575325,0.0004942766961583059,0.0014419276670541265,nan,1.1671879168688646,1.196323588637574,nan,0,0,0.0013778602005913854,43.767765808105466
cytran,1.2.840.113619.2.278.3.717616.286.1587944967.557_1.2.840.113619.2.278.3.717616.286.1587944967.658.4202498_deeds.nii.gz,29.89888027222112,0.9364219513074626,0.011422332489036374,0.0010235568587032104,0.9864686677000243,23.46246044339445,0.9586382873142058,0.038082694393499865,0.00450561372069187,0.9594032502237315,25.508338127321505,0.9621055115183508,0.0314084351081806,0.002812977039184315,0.9629861890806862,0.3603996687642131,0.7344883580561337,0.0011707815870108697,0.003190718679166349,nan,1.034607461389813,1.165859474805206,nan,0,0,0.2673662304878235,30.644527980259486
cytran,1.2.840.113619.2.278.3.717616.260.1578649386.487_1.2.840.113619.2.278.3.717616.260.1578649386.582.4202498_deeds.nii.gz,29.664219104551208,0.9298041932285658,0.011475313078068629,0.0010803838648876954,0.988511897085488,22.82190914551294,0.9591843175426434,0.04736735367483617,0.005221665956696715,0.96170551475315,24.345135779966416,0.9615221499829366,0.03927687702288138,0.0036769389743535105,0.9646044642397412,0.2792026956705792,0.7585783847134644,0.0008275059548250621,0.0022439359162531114,nan,1.0583187202989444,1.1620199567868288,nan,0,0,0.001140305190347135,40.012037004743306
cytran,1.2.840.113619.2.278.3.717616.260.1578649359.241_1.2.840.113619.2.278.3.717616.260.1578649359.370.4202498_deeds.nii.gz,29.449620225793215,0.9339668873156378,0.01123275251369105,0.0011351100724433505,0.9848885123945323,23.621106583486075,0.968195276378688,0.034378456405714145,0.004343995249554705,0.9684843306074745,24.875771012462845,0.9633796098475617,0.03243308519190621,0.0032540400868659803,0.9635740270188272,0.3409245086953138,0.7384976324331565,0.0011028391653987318,0.002442385128333935,nan,1.0416369719039582,1.161828675006377,nan,1,1,0.3885524570941925,19.42101505824498
cytran,1.2.840.113619.2.278.3.717616.202.1592287869.821_1.2.840.113619.2.278.3.717616.202.1592287869.941.4202498_deeds.nii.gz,28.85781643724087,0.9248328686981271,0.014069715031396778,0.0013008234467355947,0.9831225701495394,21.476787679692304,0.9362709924129685,0.05970560384395175,0.007117397673479454,0.9427766583098931,24.514234936095512,0.9500882614834745,0.03827468437962068,0.0035365231588018464,0.9567356169999408,0.3650677479739467,0.67209223564674,0.002250895075068493,0.007208244487727321,nan,0.9597041520471701,1.212234385646846,nan,0,0,0.0011626698542386293,61.361830647786455
resvit,1.2.840.113619.2.278.3.717616.286.1587944968.878_1.2.840.113619.2.278.3.717616.286.1587944968.981.4202498_deeds.nii.gz,29.885391311440156,0.9184451135111595,0.011724859789488578,0.0010267409152802307,0.9832786757371419,23.980773137316362,0.9594699900176643,0.0343669545361906,0.003998735573555209,0.9592155863107585,26.079963238089267,0.9606425467425216,0.028200507462700253,0.0024660602117113225,0.9605333849770166,0.41221642573459505,0.8212313638336519,0.00047677393144953653,0.0010384123890702873,nan,1.079854772212382,1.1302621887805586,nan,1,1,0.8671268224716187,8.487278238932292
resvit,1.2.840.113619.2.278.3.717616.323.1577925255.997_1.2.840.113619.2.278.3.717616.323.1577925256.95.4202498_deeds.nii.gz,30.654169284033426,0.9445778438884492,0.009529869241636032,0.0008601675835106074,0.9884223988524542,24.500635736265718,0.9773314280681985,0.03297123230458901,0.0035476145414354266,0.97883366962986,25.918472208175217,0.9718339972501854,0.029098042290511723,0.0025594861226696346,0.9729725945436855,0.322091862414412,0.9243323289620076,0.0004821142068667866,0.0009484900908872508,nan,1.0867161483899328,1.071382561123584,nan,1,1,0.9868242144584656,27.260049438476564
resvit,1.2.840.113619.2.278.3.717616.166.1580339223.519_1.2.840.113619.2.278.3.717616.166.1580339223.616.4202498_deeds.nii.gz,30.569558882233444,0.9406851710207025,0.009523583499492203,0.0008770899036227387,0.9882843543430602,24.7128103070775,0.9667215148214802,0.03101958806167989,0.003378461461891321,0.9665018969566838,25.752758250134246,0.9659783810031715,0.02894758542928687,0.0026590357417136004,0.9656383199012738,0.32588956636968297,0.7326888064189492,0.0008383224746936967,0.002026204877718258,nan,1.0277250342391349,1.1485921179015104,nan,1,1,0.9970855712890625,12.254254150390626
resvit,1.2.840.113619.2.278.3.717616.166.1580339223.956_1.2.840.113619.2.278.3.717616.166.1580339224.53.4202498_deeds.nii.gz,28.257753949548196,0.9201724132999977,0.012202679336889639,0.0014935666410621296,0.9829213035627907,23.526109909373695,0.9621054001569223,0.03218629087958768,0.0044400617394802526,0.9619670331861804,23.867392212616274,0.9538038772376219,0.03358775693320147,0.004104504902560208,0.9534287225014906,0.3605398557027855,0.6340172824831223,0.0013840205932731946,0.0029146805222415,nan,0.9807564526829814,1.171837664056032,nan,1,1,0.9971390962600708,13.934042358398438
resvit,1.2.840.113619.2.278.3.717616.286.1593493292.675_1.2.840.113619.2.278.3.717616.286.1593493292.775.4202498_deeds.nii.gz,30.258671677742136,0.9308388085547064,0.01088143249249081,0.0009421777245837212,0.9891505888684918,24.95127156347926,0.9721609789831923,0.028132144162636298,0.003197958647693734,0.9723722440525084,26.610145757708153,0.9717778837554015,0.025395053921885652,0.002182656656394471,0.9718326413642231,0.4253575697439112,0.6868009223985692,0.0016091616450235769,0.0021383272701424017,nan,1.0044975047118214,1.1707519740544918,nan,1,1,0.9276975393295288,12.705138142903646
resvit,1.2.840.113619.2.278.3.717616.306.1582703661.35_1.2.840.113619.2.278.3.717616.306.1582703661.129.4202498_deeds.nii.gz,29.098759771726197,0.9346340561491283,0.010723626988000317,0.0012306201526659421,0.9833632509495447,23.2316790458097,0.9605022358438161,0.03649992629841214,0.0047515148993140235,0.9603940631775159,23.733206205245544,0.9501817848967077,0.03693098443921438,0.004233303244898643,0.949872942844353,0.2882795300858457,0.6813081520478391,0.0012048506015001966,0.00407420817246363,nan,0.9551054012821504,1.1187925759533819,nan,1,1,0.9985377192497253,16.216813223702566
resvit,1.2.392.200036.9116.2.5.1.37.2418751871.1526972837.526920_1.2.392.200036.9116.2.5.1.37.2418751871.1526973364.470863_deeds.nii.gz,26.77916664534934,0.9087191974857676,0.01437389279474911,0.0020993426815446962,0.9810299818749573,22.287013402013937,0.9559881696215029,0.03831113318009226,0.005906070949067287,0.9569641965028003,22.387055441250695,0.9402325331765204,0.041050488210130937,0.005771576492526917,0.9410282805924072,0.2830902040602605,0.6389538267367266,0.0030048557734687646,0.004138568759869944,nan,0.9722897946330319,1.1991187645328596,nan,1,1,0.9979890584945679,15.745276314871651
resvit,1.2.392.200036.9116.2.5.1.37.2418751871.1522984884.757455_1.2.392.200036.9116.2.5.1.37.2418751871.1522985393.543093_deeds.nii.gz,27.828144466150036,0.9216841152024849,0.012843421552136768,0.0016488667234119282,0.9815422480479973,23.563690185908513,0.964265608073633,0.035320395695906705,0.004401806844819282,0.9641511998399646,24.402549090823697,0.9603185929981674,0.03399603746916512,0.0036286500868897738,0.9600654648783202,0.2872439413280216,0.6745623737026742,0.0028941188853716993,0.0024601192157699616,nan,1.0534428172079253,1.24305352042613,nan,1,1,0.9968372583389282,10.38656725202288
resvit,1.2.840.113619.2.278.3.717616.310.1589696975.113_1.2.840.113619.2.278.3.717616.310.1589696975.214.4202498_deeds.nii.gz,29.034393211078886,0.9287870931928334,0.010009015604787438,0.0012489949398652577,0.9843900848139915,22.587190822294794,0.9584006233113966,0.03481623063333471,0.0055116409449561905,0.9582796828304545,23.812251643399122,0.9535347393851498,0.03333031918239985,0.004156950333459457,0.953171321501313,0.29022336311819963,0.6448719936557519,0.0013731899688048832,0.0029725027988198034,nan,1.0397480748440908,1.249866502580764,nan,1,1,0.9983099699020386,10.50255857195173
resvit,1.2.392.200036.9116.2.5.1.37.2418751871.1574736893.449879_1.2.392.200036.9116.2.5.1.37.2418751871.1574737469.513228_deeds.nii.gz,26.310809094353388,0.9083910312676428,0.015416953524766505,0.0023384015518567807,0.9753013756981911,21.744657058815978,0.9514777439540579,0.04005993307105312,0.00669166658789022,0.9519394831194588,22.23507307304635,0.9396952949093215,0.04011164161671703,0.005977129876702197,0.939646843547979,0.31846080952428396,0.6529335366071004,0.0028707286318382505,0.001989869191990621,nan,1.197048297138386,1.4185140049952005,nan,1,1,0.9986278414726257,12.600272042410714
resvit,1.2.840.113619.2.278.3.717616.259.1592554882.977_1.2.840.113619.2.278.3.717616.259.1592554883.67.4202498_deeds.nii.gz,30.64054176047624,0.938283921432498,0.010107389455356126,0.0008628709022571015,0.9885599066917125,24.61141660887587,0.9746166711627466,0.031219698307539796,0.003458265555599635,0.9748035776039783,26.48269430829479,0.9737424478624378,0.026352608250418453,0.0022476597533896176,0.973769016463645,0.38002527931945435,0.7156803920571284,0.0009285179514003887,0.0018077561010869897,nan,1.0229411307711933,1.138893149276297,nan,1,1,0.9971216320991516,10.585472615559896
resvit,1.2.840.113619.2.278.3.717616.249.1585713660.403_1.2.840.113619.2.278.3.717616.249.1585713660.663.12_deeds.nii.gz,28.295059727532298,0.9357173596404139,0.01064304306561725,0.0014807918901334107,0.9771870078079019,21.77265530071527,0.9388804322451278,0.042993486992737674,0.006648665287986608,0.940028154031834,22.104449002601903,0.9282136179761681,0.04436267905384938,0.00615963672602348,0.9288690306998411,0.2348892779970323,0.6855623076084055,0.0012994813159921258,0.0033112328747232577,nan,1.0452865659413793,1.2885798487999336,nan,1,1,0.9928800463676453,16.64344482421875
resvit,1.2.840.113619.2.278.3.717616.306.1582703645.873_1.2.840.113619.2.278.3.717616.306.1582703646.13.4202498_deeds.nii.gz,29.392161569676,0.9316352866722845,0.00933566684321155,0.0011502277553093313,0.9825673547852369,22.748831781374165,0.9515882594778733,0.03559405408112434,0.005310272672559824,0.9521197695294407,23.934722170398032,0.9515379414140986,0.03328665844818727,0.004041362273438818,0.9515974361804543,0.2514754137276546,0.7743746407943911,0.0008597375458845283,0.0016535052951361985,nan,1.1091250438477247,1.1954455472658618,nan,1,1,0.998560905456543,7.004588826497396
resvit,1.2.840.113619.2.278.3.717616.286.1587944983.828_1.2.840.113619.2.278.3.717616.286.1587944983.915.4202498_deeds.nii.gz,31.85906418042353,0.9535919001492466,0.0076604171566360965,0.0006517688223505336,0.9908415805623608,25.74367783266805,0.9781671810649036,0.03050323531427192,0.0026646011852247114,0.9791081472742758,25.97756013524698,0.9712635584009044,0.030656665339435098,0.002524898861325551,0.9720277036778804,0.241579215748046,0.7677485034884125,0.000771145972774828,0.0021785217830593653,nan,1.0020663174749094,1.1210578380269172,nan,1,1,0.9966481924057007,29.566680908203125
resvit,1.2.392.200036.9116.2.5.1.37.2418751871.1432695579.168588_1.2.392.200036.9116.2.5.1.37.2418751871.1432696175.178596_deeds.nii.gz,28.752305076013304,0.9211588105936032,0.01251246909667075,0.0013328138356382636,0.9843207190434646,24.587955082268394,0.9704983220433382,0.03269861351642711,0.0034769984075085428,0.9710587758256537,25.21052325336822,0.9645351074792446,0.032361860851887574,0.003012643028420568,0.9650381404659797,0.317671122707103,0.7267099486289452,0.001781523895939986,0.002798951687019353,nan,0.9939528756352444,1.121287746004911,nan,1,1,0.9982219934463501,30.972892252604165
resvit,1.2.840.113619.2.278.3.717616.306.1582703665.824_1.2.840.113619.2.278.3.717616.306.1582703665.961.4202498_deeds.nii.gz,25.832208155432244,0.9181501069683542,0.012999598757623297,0.002610833547485085,0.9645057228252287,19.411498735675362,0.9072153224214158,0.04694160245137613,0.011451176969782605,0.9085713816324076,20.065974860721845,0.8898281493288147,0.048888477791906686,0.009849235322264015,0.8896636146965766,0.2634676080137512,0.8380712372784217,0.00034283899892758365,0.0013656886353557612,nan,1.1339248888524758,1.1745843443012232,nan,1,1,0.9792882204055786,22.436808776855468
resvit,1.2.840.113619.2.278.3.717616.286.1587944967.557_1.2.840.113619.2.278.3.717616.286.1587944967.658.4202498_deeds.nii.gz,29.881001439782505,0.9376828341491775,0.010224210017807935,0.0010277792751445531,0.9860616728118615,23.45091857543673,0.958079264418295,0.033776586121625214,0.004517603825161374,0.9577795949060024,25.49749119063467,0.9622125354671484,0.028181167616237724,0.0028200115101407793,0.9618095749697937,0.3603996687642131,0.710922375691188,0.0010470049834141594,0.003187056702936159,nan,0.9830954121262142,1.119294810429814,nan,1,1,0.996171772480011,8.200405665806361
resvit,1.2.840.113619.2.278.3.717616.260.1578649386.487_1.2.840.113619.2.278.3.717616.260.1578649386.582.4202498_deeds.nii.gz,30.6987390479707,0.933873744552549,0.008474222502874915,0.0008513851976994018,0.9897118688970424,24.2405030642446,0.9661122913860222,0.02998232044156069,0.0037666016609316675,0.9659192123353765,25.431831826390265,0.9684383557216147,0.02864717344086386,0.0028629701326766716,0.9682085000103493,0.2792026956705792,0.7682689730840225,0.0005503508847014625,0.0012688521503966142,nan,1.0738064599995756,1.1557717635562696,nan,1,1,0.6332694292068481,10.963895525251116
resvit,1.2.840.113619.2.278.3.717616.260.1578649359.241_1.2.840.113619.2.278.3.717616.260.1578649359.370.4202498_deeds.nii.gz,29.203140258947705,0.9331862890893933,0.010783495816635407,0.0012013954258722173,0.9841744400526035,23.453338250658064,0.9677317901188804,0.03276449492800523,0.004515087539573763,0.9676343039817378,24.643967198688337,0.962520602855447,0.03116619751860613,0.0034324425745107957,0.9621892937565656,0.3409245086953138,0.6735359339895987,0.0012481357654204573,0.002723921048710907,nan,0.9967504514906593,1.1502450812510017,nan,1,1,0.9916406869888306,11.031996590750557
resvit,1.2.840.113619.2.278.3.717616.202.1592287869.821_1.2.840.113619.2.278.3.717616.202.1592287869.941.4202498_deeds.nii.gz,30.3351773276459,0.9250531958719769,0.010671733740565756,0.0009257255858631477,0.9856655351097048,23.749211965467943,0.9545055835575776,0.03769195867124833,0.0042177302790025965,0.9546134050205914,25.990432461340962,0.9630746304164354,0.029033043720252123,0.002517426235250122,0.9630298968753005,0.3650677479739467,0.7051100321980569,0.0014245637714338695,0.004446942411576511,nan,0.9990922390816007,1.1984007360215376,nan,1,1,0.9983890652656555,15.871628824869791
swinunetr_s5,1.2.840.113619.2.278.3.717616.286.1587944968.878_1.2.840.113619.2.278.3.717616.286.1587944968.981.4202498_deeds.nii.gz,30.34607095886861,0.9241467396407342,0.011673453365234641,0.0009234064507179588,0.9851370092110192,24.448638077364034,0.96382890098371,0.034170302144228344,0.0035903450815950124,0.9635717324085274,26.538702741101027,0.9649522186528378,0.028154779205773577,0.002218859104909255,0.9649645579518601,0.41221642573459505,0.7285919880195403,0.0006425774987491086,0.0022481398550510756,nan,0.9247275437512993,1.0081906653298829,nan,1,1,0.8657498359680176,10.5429931640625
swinunetr_s5,1.2.840.113619.2.278.3.717616.323.1577925255.997_1.2.840.113619.2.278.3.717616.323.1577925256.95.4202498_deeds.nii.gz,30.692211289279424,0.943967620313411,0.009288303143324668,0.000852665853156342,0.9882278226279991,24.399406905830993,0.9763371338804454,0.033176222026361016,0.003631276419029659,0.9775737718494922,25.94384196294564,0.971274475645958,0.028385932977021463,0.002544578209076522,0.9721126866393278,0.322091862414412,0.8710025550473307,0.00042847158572235786,0.000981994539773001,nan,0.9610357134038722,0.9765682426577427,nan,1,1,0.9763324856758118,31.313379923502605
swinunetr_s5,1.2.840.113619.2.278.3.717616.166.1580339223.519_1.2.840.113619.2.278.3.717616.166.1580339223.616.4202498_deeds.nii.gz,30.760076859765096,0.9405415863396561,0.009455344921106766,0.0008394451302112629,0.9887523669749447,24.897995814714527,0.9679493213341085,0.030820656653206338,0.003237430236244573,0.9678395517584416,25.94103030264992,0.9671969451736335,0.02876968371780774,0.002546226124548006,0.9669840737343673,0.32588956636968297,0.6585967502848861,0.001326437259300108,0.0032608075447723875,nan,0.8797706132402854,1.0274622317204758,nan,1,1,0.9719387888908386,9.31337890625
swinunetr_s5,1.2.840.113619.2.278.3.717616.166.1580339223.956_1.2.840.113619.2.278.3.717616.166.1580339224.53.4202498_deeds.nii.gz,28.327138391422146,0.9211921121613291,0.012058239997356602,0.0014698944864000594,0.9830397104404044,23.507523741067793,0.9616746063763776,0.0321139552547597,0.004459104249955067,0.9615568474651276,23.934045009638876,0.9540542739422742,0.03321749080219467,0.0040419924599648695,0.95371758701154,0.3605398557027855,0.6589312592334495,0.001334574328974756,0.002588646412705867,nan,0.8847031708585658,1.0471720897261114,nan,1,1,0.9756147265434265,9.217371622721354
swinunetr_s5,1.2.840.113619.2.278.3.717616.286.1593493292.675_1.2.840.113619.2.278.3.717616.286.1593493292.775.4202498_deeds.nii.gz,30.320604030260757,0.9298929701502233,0.011041766020448235,0.0009288371922327784,0.9892923892074735,25.227627818759434,0.9739066991801311,0.027862672723846547,0.0030008011537743925,0.9740270871718008,26.673403942531486,0.9722752647878801,0.025749062668559964,0.002151095074039043,0.9722554945538686,0.4253575697439112,0.6875540965414152,0.0015684596542559087,0.002013301055943704,nan,0.8968283635686896,1.038798130524931,nan,1,1,0.9426668882369995,15.833413696289062
swinunetr_s5,1.2.840.113619.2.278.3.717616.306.1582703661.35_1.2.840.113619.2.278.3.717616.306.1582703661.129.4202498_deeds.nii.gz,29.066060903420137,0.9348068849736372,0.0107839455790418,0.00123992069776301,0.9831846559342072,23.183847925910154,0.9597448809094985,0.0368220881890313,0.004804135049641428,0.9598559996806991,23.70319596533621,0.9494228299439676,0.037149255561056985,0.004262657151734664,0.9492959000598976,0.2882795300858457,0.6764087706269598,0.0012659888104497407,0.0043363850925700505,nan,0.8410393593867854,0.9863939158425298,nan,1,1,0.9771001935005188,21.898333958217076
swinunetr_s5,1.2.392.200036.9116.2.5.1.37.2418751871.1526972837.526920_1.2.392.200036.9116.2.5.1.37.2418751871.1526973364.470863_deeds.nii.gz,27.233127835261048,0.9108140556225321,0.013972215799923882,0.0018909812232167623,0.9828155096276012,22.96085440361146,0.9621000397054009,0.03670455304902165,0.005057251590329531,0.9626003711150232,22.844788322145455,0.9473049930277596,0.04015717203972456,0.005194229898923641,0.9474458217868575,0.2830902040602605,0.6342068702024514,0.0027189590188554467,0.003950113232899162,nan,0.7539774054998245,0.9223283558348824,nan,1,1,0.9982315301895142,19.49519239153181
swinunetr_s5,1.2.392.200036.9116.2.5.1.37.2418751871.1522984884.757455_1.2.392.200036.9116.2.5.1.37.2418751871.1522985393.543093_deeds.nii.gz,28.427542875316266,0.9255803364969911,0.012292375072445053,0.0014363018255546397,0.9840159587958919,23.99232584631861,0.9673148014762178,0.033669176717398656,0.0039881126342105324,0.9675219564804984,24.85804744566419,0.9638068535439007,0.03266631443786457,0.0032673469654291767,0.9638570219030371,0.2872439413280216,0.656523331517653,0.0027385906051475167,0.003070352945615096,nan,0.8230603902450228,0.9675846876952799,nan,1,1,0.998670756816864,13.648704528808594
swinunetr_s5,1.2.840.113619.2.278.3.717616.310.1589696975.113_1.2.840.113619.2.278.3.717616.310.1589696975.214.4202498_deeds.nii.gz,29.52796638648113,0.9335316784678245,0.009806451040492062,0.0011148164317852734,0.9860819460745543,23.033975409942478,0.9625851508419836,0.03476732262255152,0.004972816788690981,0.9624431800365456,24.295593086706262,0.9585470830629876,0.03258628804116125,0.003719124281198612,0.9581957127346951,0.29022336311819963,0.6915225006614616,0.0009929699811919647,0.0024470277565214276,nan,0.9155774464206352,1.0546226698307284,nan,1,1,0.9941892623901367,9.737301417759486
swinunetr_s5,1.2.392.200036.9116.2.5.1.37.2418751871.1574736893.449879_1.2.392.200036.9116.2.5.1.37.2418751871.1574737469.513228_deeds.nii.gz,26.238245006380552,0.9051606021957469,0.015922533387594556,0.002377800967142046,0.9748709848045327,21.61051695818724,0.9498565533205828,0.04213349246057849,0.0069015764671039115,0.9504689239022983,22.125047260181287,0.9380071038959908,0.0416910300851232,0.006130491208768848,0.9380103409512242,0.31846080952428396,0.6710378407088643,0.0028062155091918,0.002295230036419714,nan,0.9743144850011192,1.1412971903819287,nan,1,1,0.9938598871231079,13.150780814034599
swinunetr_s5,1.2.840.113619.2.278.3.717616.259.1592554882.977_1.2.840.113619.2.278.3.717616.259.1592554883.67.4202498_deeds.nii.gz,31.039576987041144,0.9399647997286686,0.009763353575405306,0.0007871224535250024,0.9895370392316742,25.144575025516104,0.9775196021726661,0.029670019539934988,0.0030587395417387498,0.9776159559219495,26.891778291262412,0.9759880530456146,0.02545201029272485,0.0020456068573354823,0.9760071497221855,0.38002527931945435,0.7071615109553996,0.0010123071789368203,0.0021874569180188215,nan,0.9115768068142851,1.0239972691270385,nan,1,1,0.9893835783004761,12.487000528971354
swinunetr_s5,1.2.840.113619.2.278.3.717616.249.1585713660.403_1.2.840.113619.2.278.3.717616.249.1585713660.663.12_deeds.nii.gz,28.508769251981782,0.9371483607686838,0.010280880575206522,0.0014096882336572954,0.9786500258525839,22.012793035107396,0.9429037154186803,0.04161875947108891,0.006291014649328361,0.945042608163601,22.30581449291811,0.9317671107737693,0.04298403093639097,0.005880558175044027,0.9332672192571084,0.2348892779970323,0.5916956833635554,0.001798184273401801,0.005233373911908272,nan,0.89520268811667,1.1724865898219274,nan,1,1,0.6017978191375732,17.047886657714844
swinunetr_s5,1.2.840.113619.2.278.3.717616.306.1582703645.873_1.2.840.113619.2.278.3.717616.306.1582703646.13.4202498_deeds.nii.gz,29.94309447241701,0.9378764974824205,0.008929781126256559,0.0010131892021893597,0.9847069636842871,23.286782989800685,0.958147106914722,0.03456272807536091,0.0046916078148360055,0.9580380882938536,24.42502879609032,0.9574890613057092,0.03231051383587609,0.003609916200073612,0.9571751666498743,0.2514754137276546,0.8214011712517476,0.0008141677007361227,0.0016676765467546837,nan,0.9954534733830375,1.0577914803916453,nan,1,1,0.9875100255012512,16.0038330078125
swinunetr_s5,1.2.840.113619.2.278.3.717616.286.1587944983.828_1.2.840.113619.2.278.3.717616.286.1587944983.915.4202498_deeds.nii.gz,31.926438742270204,0.9537515403772956,0.007564417052854018,0.0006417355904222325,0.9908227270139759,25.706607419360207,0.9775274109444182,0.029891213301011157,0.0026874429772338827,0.9780784210281811,26.020276929743694,0.9712855234132041,0.030320484737317934,0.0025001859311825163,0.9717063384253245,0.241579215748046,0.7392173648375485,0.0008590489075167677,0.002292753862476856,nan,0.9247012287341362,1.0445241111460832,nan,1,1,0.9737180471420288,22.272562662760418
swinunetr_s5,1.2.392.200036.9116.2.5.1.37.2418751871.1432695579.168588_1.2.392.200036.9116.2.5.1.37.2418751871.1432696175.178596_deeds.nii.gz,28.49518713709385,0.9182190806376015,0.013002145012799041,0.0014141037901547289,0.9833822547415537,24.15282015972323,0.9671524127289042,0.03478163605148136,0.0038434212237418246,0.967916328630177,24.85495847837008,0.9612965006666436,0.03401461900613092,0.0032696717285722633,0.9620530637308796,0.317671122707103,0.7320213710966167,0.0020135883800597477,0.0025954785050568536,nan,0.8253916947366369,0.9292731371799733,nan,1,1,0.9854240417480469,31.443479410807292
swinunetr_s5,1.2.840.113619.2.278.3.717616.306.1582703665.824_1.2.840.113619.2.278.3.717616.306.1582703665.961.4202498_deeds.nii.gz,25.834211206210014,0.9181019132006238,0.013143105555041515,0.0026096296578279406,0.9645124100784264,19.46908635140623,0.9085721926206003,0.047255358571728696,0.01130033620901608,0.909320989898201,20.065822083141146,0.8899500461381491,0.04942299705224007,0.00984958180808745,0.889470033494641,0.2634676080137512,0.8810544673767551,0.0003430521025694064,0.0011547358970247538,nan,1.0187278939145987,1.0305161567794712,nan,1,1,0.9862483739852905,18.888395182291667
swinunetr_s5,1.2.840.113619.2.278.3.717616.286.1587944967.557_1.2.840.113619.2.278.3.717616.286.1587944967.658.4202498_deeds.nii.gz,29.896936816102027,0.9362236727165795,0.010283291885099436,0.001024015000143842,0.9861157207351898,23.43431072860808,0.9578459341525272,0.03377670166207133,0.00453491265940174,0.9575476889583895,25.51206579471774,0.9623677062561774,0.02836813462877631,0.0028105636205530376,0.9619589896546259,0.3603996687642131,0.7085957534333306,0.0010057840869320339,0.0031448915832202437,nan,0.8830606750360215,1.0002253867674933,nan,1,1,0.9926006197929382,11.677845546177455
swinunetr_s5,1.2.840.113619.2.278.3.717616.260.1578649386.487_1.2.840.113619.2.278.3.717616.260.1578649386.582.4202498_deeds.nii.gz,30.588306236374105,0.9330001225806823,0.00876043961186223,0.000873311896665653,0.9894569441427288,24.141011665460876,0.9652986611788654,0.03136892357871275,0.003853885730291157,0.965154504397839,25.30898800374006,0.9675823699473953,0.029704444072866397,0.002945107825082162,0.9674269733987292,0.2792026956705792,0.7502031856046187,0.0005602425225114441,0.0015952729511596383,nan,0.9369981487724209,1.0227136445103044,nan,0,0,0.28203389048576355,17.3705564226423
swinunetr_s5,1.2.840.113619.2.278.3.717616.260.1578649359.241_1.2.840.113619.2.278.3.717616.260.1578649359.370.4202498_deeds.nii.gz,29.3270417805033,0.9325086174640992,0.010703807932474796,0.0011676046662576517,0.9845625369236236,23.650083239637112,0.968788995618631,0.0319507028979969,0.0043151080613849,0.9686894574770738,24.760529572479516,0.9630508770751599,0.030920229572012802,0.0033415429124540727,0.9627647117639422,0.3409245086953138,0.6881081990484799,0.001245963620190882,0.002898217606656614,nan,0.8848731977381058,1.0117093405958126,nan,1,1,0.9795491099357605,7.397563389369419
swinunetr_s5,1.2.840.113619.2.278.3.717616.202.1592287869.821_1.2.840.113619.2.278.3.717616.202.1592287869.941.4202498_deeds.nii.gz,30.31254876362371,0.9251741222911435,0.010917829960093004,0.0009305615923027947,0.9855880095734778,23.632636576903447,0.9536435908657016,0.03918224847536778,0.004332477762903548,0.9538542268895278,25.97150948151135,0.9625536341143134,0.029702297517914474,0.002528419038665719,0.9627657102674207,0.3650677479739467,0.6939817430456026,0.0014201042543323748,0.004941946092567678,nan,0.8690952100912521,1.0366701979577306,nan,1,1,0.9762516021728516,25.597120157877605
transunet,1.2.840.113619.2.278.3.717616.286.1587944968.878_1.2.840.113619.2.278.3.717616.286.1587944968.981.4202498_deeds.nii.gz,29.833108877789066,0.9212577815407844,0.012267689907877957,0.0010391760099721927,0.9838715129706418,23.79270948014371,0.9594940775585938,0.03832950362175345,0.0041756977157720795,0.9596054397123625,26.017925500040235,0.9616868576026971,0.02956634015051548,0.0025015399901336115,0.9619350554775479,0.41221642573459505,0.7606268503941775,0.0004895898588523486,0.0015648613019120202,nan,1.1192866860854032,1.1903283701868876,nan,1,1,0.9871381521224976,14.699552408854167
transunet,1.2.840.113619.2.278.3.717616.323.1577925255.997_1.2.840.113619.2.278.3.717616.323.1577925256.95.4202498_deeds.nii.gz,30.113458366877488,0.9391570046204716,0.01024787596895451,0.0009742135445769236,0.9866727156748456,23.853014673323607,0.9733616202581444,0.03696409090478719,0.0041181155914123985,0.9751704691556645,25.339388200971236,0.967226489176354,0.0313023309207717,0.0029245643378554187,0.9683333041606687,0.322091862414412,0.9377086534226147,0.0005102699193383412,0.0009000268375218151,nan,1.1511737768531236,1.1258566639770942,nan,1,1,0.9723352193832397,33.41951904296875
transunet,1.2.840.113619.2.278.3.717616.166.1580339223.519_1.2.840.113619.2.278.3.717616.166.1580339223.616.4202498_deeds.nii.gz,30.49571619178293,0.9387382946424836,0.00989485240802947,0.000892130486884834,0.9880756065130352,24.65929088931933,0.9663236969569251,0.0322589138753632,0.003420352850546791,0.9660991001686677,25.67265863464067,0.9652848474078051,0.030088926970426203,0.0027085330328005712,0.9649547404240701,0.32588956636968297,0.7216832543769479,0.0008516070693692061,0.001940318770462757,nan,1.0803597585127356,1.1985688268820445,nan,1,1,0.97319096326828,13.3310791015625
transunet,1.2.840.113619.2.278.3.717616.166.1580339223.956_1.2.840.113619.2.278.3.717616.166.1580339224.53.4202498_deeds.nii.gz,27.711713006692882,0.9145430680095562,0.0131200417081908,0.001693669627172553,0.9805112081131545,22.844681055785582,0.9554039085165482,0.035465159272241316,0.005194358192751355,0.9552520795808438,23.320324865647677,0.9473309147540967,0.03615205946023206,0.004655512675518325,0.9468741237261106,0.3605398557027855,0.5977168266353587,0.001508047253794402,0.0028564011110097745,nan,1.0207324321676294,1.2356630393758619,nan,1,1,0.9973567724227905,12.478384399414063
transunet,1.2.840.113619.2.278.3.717616.286.1593493292.675_1.2.840.113619.2.278.3.717616.286.1593493292.775.4202498_deeds.nii.gz,30.152476019298575,0.9274995148589743,0.011277390423816825,0.0009655002666769019,0.9888117800127277,25.076887326038126,0.9730188081929335,0.028106120818834564,0.0031067854846172764,0.9729640045870352,26.50323124431353,0.9712355413203243,0.026303594820494686,0.002237056101399926,0.9710357763891884,0.4253575697439112,0.727014496189531,0.0011957548397825092,0.0014717242608515617,nan,1.0791288426653933,1.2126593722268817,nan,1,1,0.972632884979248,9.024803670247396
transunet,1.2.840.113619.2.278.3.717616.306.1582703661.35_1.2.840.113619.2.278.3.717616.306.1582703661.129.4202498_deeds.nii.gz,28.917507331379248,0.9328697131986717,0.011110132460528022,0.0012830667980169663,0.982683732674947,23.058689614321327,0.958909142400429,0.037868972417500084,0.004944598565945511,0.9587836816669271,23.551990479203603,0.9482450661498006,0.038242366249724095,0.004413681110491424,0.9478575965737384,0.2882795300858457,0.7052499653287948,0.0008613628850204529,0.003420251471054562,nan,1.0251484928254413,1.15911158279132,nan,1,1,0.9888390302658081,18.321648733956472
transunet,1.2.392.200036.9116.2.5.1.37.2418751871.1526972837.526920_1.2.392.200036.9116.2.5.1.37.2418751871.1526973364.470863_deeds.nii.gz,26.338120133381516,0.9059369861259012,0.015052422976093275,0.002323742422885341,0.979041466667341,21.8055393671672,0.9508329269639452,0.039956394034227495,0.006598512796839703,0.9518767003964012,21.81857848423636,0.9330880506000714,0.043531049717148565,0.006578731345875293,0.9337208312566285,0.2830902040602605,0.6203182037929883,0.0029405724007377934,0.004422228535914402,nan,1.0022717185026229,1.2429350969814104,nan,1,1,0.9980147480964661,16.977410452706472
transunet,1.2.392.200036.9116.2.5.1.37.2418751871.1522984884.757455_1.2.392.200036.9116.2.5.1.37.2418751871.1522985393.543093_deeds.nii.gz,28.765558176145856,0.9284265329584678,0.01216152216617549,0.0013287527684581238,0.9853890745071726,23.938169205067958,0.96716445755964,0.03465472599713939,0.004038155880209066,0.9673733693913648,24.93577981493256,0.9648659921285626,0.03333743639610879,0.0032093864781666316,0.9650528938995147,0.2872439413280216,0.6818425879811479,0.002382896994275203,0.002361706911457358,nan,1.070881032343925,1.2223891937693891,nan,1,1,0.998566746711731,14.732997349330358
transunet,1.2.840.113619.2.278.3.717616.310.1589696975.113_1.2.840.113619.2.278.3.717616.310.1589696975.214.4202498_deeds.nii.gz,29.064747706883267,0.9268300169351708,0.010393536025527653,0.0012402956750724636,0.9844969089154794,22.72919171116499,0.9596255450610223,0.03587574322032762,0.005334341665532022,0.9595597712885524,23.83225700556144,0.9536622453984711,0.03458891790881803,0.004137845772653716,0.9533257257169991,0.29022336311819963,0.661065029094607,0.0011296727257181166,0.00277369606199153,nan,1.0963864454089234,1.2800989894596624,nan,1,1,0.9875704050064087,9.591371263776507
transunet,1.2.392.200036.9116.2.5.1.37.2418751871.1574736893.449879_1.2.392.200036.9116.2.5.1.37.2418751871.1574737469.513228_deeds.nii.gz,25.943867982312703,0.9019351817818335,0.016335643717956604,0.0025445629640944013,0.9730752144362694,21.08704129428496,0.9439569287401894,0.04311951517455022,0.007785667823911631,0.9441826373347784,21.72749501974809,0.9325269800609536,0.04319479597377043,0.006718162401111983,0.9323182332384388,0.31846080952428396,0.6764983332095981,0.002415865127480323,0.001750907991953885,nan,1.2689271114934704,1.4493807941964965,nan,1,1,0.9983013868331909,10.351781572614398
transunet,1.2.840.113619.2.278.3.717616.259.1592554882.977_1.2.840.113619.2.278.3.717616.259.1592554883.67.4202498_deeds.nii.gz,30.732690861019645,0.9385888022345846,0.01049455713495643,0.0008447552779739884,0.9889207662350236,24.74416362014694,0.9756623512511476,0.03346423667325294,0.0033541589382394383,0.9762480399365411,26.579206795247956,0.9741472159775996,0.027367143868861944,0.002198261331284213,0.974586965757973,0.38002527931945435,0.7057804858862401,0.0010720495554249212,0.00215404788628538,nan,1.0521433823900461,1.18237531402954,nan,1,1,0.9598978757858276,14.724702962239583
transunet,1.2.840.113619.2.278.3.717616.249.1585713660.403_1.2.840.113619.2.278.3.717616.249.1585713660.663.12_deeds.nii.gz,28.245523448269324,0.9361308570100569,0.010810560313499275,0.001497778717265659,0.9770259276172305,21.675176035032738,0.937472428627131,0.043996641501286064,0.0067995848330388775,0.9386989191758669,22.03205062657668,0.9273938855926427,0.0452090078983961,0.0062631806360068775,0.9282552049121046,0.2348892779970323,0.6343473186533269,0.0013897619356567253,0.0031868266833988876,nan,1.0879634198138601,1.3570918611802807,nan,1,1,0.7117198705673218,22.408157348632812
transunet,1.2.840.113619.2.278.3.717616.306.1582703645.873_1.2.840.113619.2.278.3.717616.306.1582703646.13.4202498_deeds.nii.gz,29.50770499276516,0.9345410514037187,0.00953486088817559,0.0011200296010889274,0.9830867953428635,22.831714969539476,0.9533678546876885,0.037253490186589806,0.005209889390695333,0.9533011361896595,23.970567977804144,0.9528161957403188,0.0344635777024351,0.004008142950155144,0.9524333180029689,0.2514754137276546,0.7674622319628669,0.0008077904809162099,0.0018828563982155174,nan,1.1408472967073682,1.2223677970102058,nan,1,1,0.994101345539093,15.239774576822917
transunet,1.2.840.113619.2.278.3.717616.286.1587944983.828_1.2.840.113619.2.278.3.717616.286.1587944983.915.4202498_deeds.nii.gz,31.56115332440205,0.9519328363556081,0.008025125633904742,0.0006980470041732753,0.9900302795425117,25.43015037052738,0.9762660858724423,0.032007245299092796,0.0028640788020576264,0.9768354828507537,25.662120718466696,0.9690675241068062,0.032185075433165164,0.002715113118760932,0.969409217597012,0.241579215748046,0.720086725827665,0.0008966353453596518,0.002671409262462837,nan,1.0383645071217444,1.1816809167549416,nan,1,1,0.9932026863098145,28.311782836914062
transunet,1.2.392.200036.9116.2.5.1.37.2418751871.1432695579.168588_1.2.392.200036.9116.2.5.1.37.2418751871.1432696175.178596_deeds.nii.gz,28.33925310189415,0.9178007792326874,0.013393638044340905,0.0014657999070270202,0.9827061520427719,23.888376722181658,0.9648720853030825,0.03687640394647554,0.004084720338373676,0.9652654849010093,24.664754165012084,0.9598141717891323,0.035375643330690903,0.003416052869102755,0.9601371014995115,0.317671122707103,0.7357624410270796,0.0018511079331854276,0.002448504666805974,nan,1.0651032601030612,1.1831735543784663,nan,1,1,0.9981228709220886,30.760296630859376
transunet,1.2.840.113619.2.278.3.717616.306.1582703665.824_1.2.840.113619.2.278.3.717616.306.1582703665.961.4202498_deeds.nii.gz,25.684309389820964,0.9160983619186049,0.01348260398058382,0.002701276628130739,0.9632695792412271,19.332792974959247,0.905994441639608,0.04828106857944015,0.011660594757390803,0.9071194819099118,19.915273668541495,0.8866157459721966,0.050704117357895366,0.010197005020922457,0.8863384355279693,0.2634676080137512,0.8379371286943654,0.00042962090596372426,0.0014271864111001609,nan,1.1762265966974708,1.2071786705759193,nan,1,1,0.9836729168891907,23.307647705078125
transunet,1.2.840.113619.2.278.3.717616.286.1587944967.557_1.2.840.113619.2.278.3.717616.286.1587944967.658.4202498_deeds.nii.gz,29.41781805195889,0.9273600411292023,0.011211749496812064,0.0011434526749634333,0.9844138035416596,23.278415997536868,0.9561003213293121,0.03524986231764299,0.004700655243633474,0.9558415676844989,25.030422881712088,0.9576822296619201,0.03100520748061787,0.0031402029107975593,0.9573422533812709,0.3603996687642131,0.6139048347494768,0.0018821635178427273,0.004720405215652395,nan,1.0048475171553035,1.2233490621022913,nan,1,1,0.9812286496162415,9.91825703212193
transunet,1.2.840.113619.2.278.3.717616.260.1578649386.487_1.2.840.113619.2.278.3.717616.260.1578649386.582.4202498_deeds.nii.gz,30.208040816384496,0.9304069095927515,0.009208058256845156,0.000953226085154779,0.9885008576399441,23.77959798644957,0.9622663070224382,0.033302118148753154,0.004188323333932689,0.9622544167083703,24.94036274046193,0.9645741117491385,0.031258845993663326,0.0032060015349998244,0.9645104984260726,0.2792026956705792,0.7340971397277225,0.0005715331569514578,0.0015545233647841074,nan,1.1100373276450546,1.2152447258385544,nan,0,0,0.38535162806510925,14.931238446916852
transunet,1.2.840.113619.2.278.3.717616.260.1578649359.241_1.2.840.113619.2.278.3.717616.260.1578649359.370.4202498_deeds.nii.gz,29.02500352598266,0.9300783384553378,0.01134445230927304,0.00125169825679313,0.9835478236390809,23.349056765464866,0.9667589523994982,0.03405488809141704,0.004624814558120468,0.966692258171872,24.45871768761966,0.9606805351006039,0.03281858769850286,0.0035820218546271628,0.9603738464470066,0.3409245086953138,0.7295990931598657,0.0009088763629142376,0.0022360998193118493,nan,1.0620342836841639,1.180113854564361,nan,1,1,0.9886444807052612,10.829762050083705
transunet,1.2.840.113619.2.278.3.717616.202.1592287869.821_1.2.840.113619.2.278.3.717616.202.1592287869.941.4202498_deeds.nii.gz,29.87162433574927,0.9209330054538621,0.011280575016878033,0.001030000810444642,0.9840366704302885,23.432917296353395,0.9512484805966359,0.03922753355812006,0.0045363679179147975,0.9509837489280529,25.529481506689255,0.9593615999080385,0.03070277747003669,0.0027993155029560003,0.9589680386030569,0.3650677479739467,0.6896501315674595,0.0014081038516537661,0.004638026026235659,nan,1.0539654290967568,1.2606087841429994,nan,1,1,0.9945074319839478,19.650103759765624
