gen_path,real_path,mask_path,target_phase
../sample_data_reg/ncct_cect/vindr_ds/all_baseline_algorithms/B2_deeds__aligned/1.2.840.113619.2.278.3.717616.286.1587944968.878/1.2.840.113619.2.278.3.717616.286.1587944968.878_1.2.840.113619.2.278.3.717616.286.1587944968.883.3_deeds.nii.gz,../sample_data_reg/ncct_cect/vindr_ds/all_baseline_algorithms/B2_deeds__aligned/1.2.840.113619.2.278.3.717616.286.1587944968.878/1.2.840.113619.2.278.3.717616.286.1587944968.878_1.2.840.113619.2.278.3.717616.286.1587944968.981.4198401_deeds.nii.gz,../sample_data_reg/ncct_cect/vindr_ds/all_baseline_algorithms/B2_deeds__aligned/1.2.840.113619.2.278.3.717616.286.1587944968.878/1.2.840.113619.2.278.3.717616.286.1587944968.878_1.2.840.113619.2.278.3.717616.286.1587944968.981.4198401_deeds_seg_full.nii.gz,arterial
../sample_data_reg/ncct_cect/vindr_ds/all_baseline_algorithms/B2_deeds__aligned/1.2.840.113619.2.278.3.717616.323.1577925255.997/1.2.840.113619.2.278.3.717616.323.1577925255.997_1.2.840.113619.2.278.3.717616.323.1577925256.2.3_deeds.nii.gz,../sample_data_reg/ncct_cect/vindr_ds/all_baseline_algorithms/B2_deeds__aligned/1.2.840.113619.2.278.3.717616.323.1577925255.997/1.2.840.113619.2.278.3.717616.323.1577925255.997_1.2.840.113619.2.278.3.717616.323.1577925256.95.4198401_deeds.nii.gz,../sample_data_reg/ncct_cect/vindr_ds/all_baseline_algorithms/B2_deeds__aligned/1.2.840.113619.2.278.3.717616.323.1577925255.997/1.2.840.113619.2.278.3.717616.323.1577925255.997_1.2.840.113619.2.278.3.717616.323.1577925256.95.4198401_deeds_seg_full.nii.gz,arterial
../sample_data_reg/ncct_cect/vindr_ds/all_baseline_algorithms/B2_deeds__aligned/1.2.840.113619.2.278.3.717616.166.1580339223.519/1.2.840.113619.2.278.3.717616.166.1580339223.519_1.2.840.113619.2.278.3.717616.166.1580339223.524.3_deeds.nii.gz,../sample_data_reg/ncct_cect/vindr_ds/all_baseline_algorithms/B2_deeds__aligned/1.2.840.113619.2.278.3.717616.166.1580339223.519/1.2.840.113619.2.278.3.717616.166.1580339223.519_1.2.840.113619.2.278.3.717616.166.1580339223.616.4198401_deeds.nii.gz,../sample_data_reg/ncct_cect/vindr_ds/all_baseline_algorithms/B2_deeds__aligned/1.2.840.113619.2.278.3.717616.166.1580339223.519/1.2.840.113619.2.278.3.717616.166.1580339223.519_1.2.840.113619.2.278.3.717616.166.1580339223.616.4198401_deeds_seg_full.nii.gz,arterial
../sample_data_reg/ncct_cect/vindr_ds/all_baseline_algorithms/B2_deeds__aligned/1.2.840.113619.2.278.3.717616.166.1580339223.956/1.2.840.113619.2.278.3.717616.166.1580339223.956_1.2.840.113619.2.278.3.717616.166.1580339223.961.3_deeds.nii.gz,../sample_data_reg/ncct_cect/vindr_ds/all_baseline_algorithms/B2_deeds__aligned/1.2.840.113619.2.278.3.717616.166.1580339223.956/1.2.840.113619.2.278.3.717616.166.1580339223.956_1.2.840.113619.2.278.3.717616.166.1580339224.53.4198401_deeds.nii.gz,../sample_data_reg/ncct_cect/vindr_ds/all_baseline_algorithms/B2_deeds__aligned/1.2.840.113619.2.278.3.717616.166.1580339223.956/1.2.840.113619.2.278.3.717616.166.1580339223.956_1.2.840.113619.2.278.3.717616.166.1580339224.53.4198401_deeds_seg_full.nii.gz,arterial
../sample_data_reg/ncct_cect/vindr_ds/all_baseline_algorithms/B2_deeds__aligned/1.2.840.113619.2.278.3.717616.286.1593493292.675/1.2.840.113619.2.278.3.717616.286.1593493292.675_1.2.840.113619.2.278.3.717616.286.1593493292.680.3_deeds.nii.gz,../sample_data_reg/ncct_cect/vindr_ds/all_baseline_algorithms/B2_deeds__aligned/1.2.840.113619.2.278.3.717616.286.1593493292.675/1.2.840.113619.2.278.3.717616.286.1593493292.675_1.2.840.113619.2.278.3.717616.286.1593493292.775.4198401_deeds.nii.gz,../sample_data_reg/ncct_cect/vindr_ds/all_baseline_algorithms/B2_deeds__aligned/1.2.840.113619.2.278.3.717616.286.1593493292.675/1.2.840.113619.2.278.3.717616.286.1593493292.675_1.2.840.113619.2.278.3.717616.286.1593493292.775.4198401_deeds_seg_full.nii.gz,arterial
../sample_data_reg/ncct_cect/vindr_ds/all_baseline_algorithms/B2_deeds__aligned/1.2.840.113619.2.278.3.717616.306.1582703661.35/1.2.840.113619.2.278.3.717616.306.1582703661.35_1.2.840.113619.2.278.3.717616.306.1582703661.40.3_deeds.nii.gz,../sample_data_reg/ncct_cect/vindr_ds/all_baseline_algorithms/B2_deeds__aligned/1.2.840.113619.2.278.3.717616.306.1582703661.35/1.2.840.113619.2.278.3.717616.306.1582703661.35_1.2.840.113619.2.278.3.717616.306.1582703661.129.4198401_deeds.nii.gz,../sample_data_reg/ncct_cect/vindr_ds/all_baseline_algorithms/B2_deeds__aligned/1.2.840.113619.2.278.3.717616.306.1582703661.35/1.2.840.113619.2.278.3.717616.306.1582703661.35_1.2.840.113619.2.278.3.717616.306.1582703661.129.4198401_deeds_seg_full.nii.gz,arterial
../sample_data_reg/ncct_cect/vindr_ds/all_baseline_algorithms/B2_deeds__aligned/1.2.392.200036.9116.2.5.1.37.2418751871.1526972837.526920/1.2.392.200036.9116.2.5.1.37.2418751871.1526972837.526920_1.2.392.200036.9116.2.5.1.37.2418751871.1526972986.489177_deeds.nii.gz,../sample_data_reg/ncct_cect/vindr_ds/all_baseline_algorithms/B2_deeds__aligned/1.2.392.200036.9116.2.5.1.37.2418751871.1526972837.526920/1.2.392.200036.9116.2.5.1.37.2418751871.1526972837.526920_1.2.392.200036.9116.2.5.1.37.2418751871.1526973181.155618_deeds.nii.gz,../sample_data_reg/ncct_cect/vindr_ds/all_baseline_algorithms/B2_deeds__aligned/1.2.392.200036.9116.2.5.1.37.2418751871.1526972837.526920/1.2.392.200036.9116.2.5.1.37.2418751871.1526972837.526920_1.2.392.200036.9116.2.5.1.37.2418751871.1526973181.155618_deeds_seg_full.nii.gz,arterial
../sample_data_reg/ncct_cect/vindr_ds/all_baseline_algorithms/B2_deeds__aligned/1.2.392.200036.9116.2.5.1.37.2418751871.1522984884.757455/1.2.392.200036.9116.2.5.1.37.2418751871.1522984884.757455_1.2.392.200036.9116.2.5.1.37.2418751871.1522985029.512601_deeds.nii.gz,../sample_data_reg/ncct_cect/vindr_ds/all_baseline_algorithms/B2_deeds__aligned/1.2.392.200036.9116.2.5.1.37.2418751871.1522984884.757455/1.2.392.200036.9116.2.5.1.37.2418751871.1522984884.757455_1.2.392.200036.9116.2.5.1.37.2418751871.1522985252.600093_deeds.nii.gz,../sample_data_reg/ncct_cect/vindr_ds/all_baseline_algorithms/B2_deeds__aligned/1.2.392.200036.9116.2.5.1.37.2418751871.1522984884.757455/1.2.392.200036.9116.2.5.1.37.2418751871.1522984884.757455_1.2.392.200036.9116.2.5.1.37.2418751871.1522985252.600093_deeds_seg_full.nii.gz,arterial
../sample_data_reg/ncct_cect/vindr_ds/all_baseline_algorithms/B2_deeds__aligned/1.2.840.113619.2.278.3.717616.310.1589696975.113/1.2.840.113619.2.278.3.717616.310.1589696975.113_1.2.840.113619.2.278.3.717616.310.1589696975.118.3_deeds.nii.gz,../sample_data_reg/ncct_cect/vindr_ds/all_baseline_algorithms/B2_deeds__aligned/1.2.840.113619.2.278.3.717616.310.1589696975.113/1.2.840.113619.2.278.3.717616.310.1589696975.113_1.2.840.113619.2.278.3.717616.310.1589696975.214.4198401_deeds.nii.gz,../sample_data_reg/ncct_cect/vindr_ds/all_baseline_algorithms/B2_deeds__aligned/1.2.840.113619.2.278.3.717616.310.1589696975.113/1.2.840.113619.2.278.3.717616.310.1589696975.113_1.2.840.113619.2.278.3.717616.310.1589696975.214.4198401_deeds_seg_full.nii.gz,arterial
../sample_data_reg/ncct_cect/vindr_ds/all_baseline_algorithms/B2_deeds__aligned/1.2.392.200036.9116.2.5.1.37.2418751871.1574736893.449879/1.2.392.200036.9116.2.5.1.37.2418751871.1574736893.449879_1.2.392.200036.9116.2.5.1.37.2418751871.1574737081.879678_deeds.nii.gz,../sample_data_reg/ncct_cect/vindr_ds/all_baseline_algorithms/B2_deeds__aligned/1.2.392.200036.9116.2.5.1.37.2418751871.1574736893.449879/1.2.392.200036.9116.2.5.1.37.2418751871.1574736893.449879_1.2.392.200036.9116.2.5.1.37.2418751871.1574737322.988342_deeds.nii.gz,../sample_data_reg/ncct_cect/vindr_ds/all_baseline_algorithms/B2_deeds__aligned/1.2.392.200036.9116.2.5.1.37.2418751871.1574736893.449879/1.2.392.200036.9116.2.5.1.37.2418751871.1574736893.449879_1.2.392.200036.9116.2.5.1.37.2418751871.1574737322.988342_deeds_seg_full.nii.gz,arterial
../sample_data_reg/ncct_cect/vindr_ds/all_baseline_algorithms/B2_deeds__aligned/1.2.840.113619.2.278.3.717616.259.1592554882.977/1.2.840.113619.2.278.3.717616.259.1592554882.977_1.2.840.113619.2.278.3.717616.259.1592554882.982.3_deeds.nii.gz,../sample_data_reg/ncct_cect/vindr_ds/all_baseline_algorithms/B2_deeds__aligned/1.2.840.113619.2.278.3.717616.259.1592554882.977/1.2.840.113619.2.278.3.717616.259.1592554882.977_1.2.840.113619.2.278.3.717616.259.1592554883.67.4198401_deeds.nii.gz,../sample_data_reg/ncct_cect/vindr_ds/all_baseline_algorithms/B2_deeds__aligned/1.2.840.113619.2.278.3.717616.259.1592554882.977/1.2.840.113619.2.278.3.717616.259.1592554882.977_1.2.840.113619.2.278.3.717616.259.1592554883.67.4198401_deeds_seg_full.nii.gz,arterial
../sample_data_reg/ncct_cect/vindr_ds/all_baseline_algorithms/B2_deeds__aligned/1.2.840.113619.2.278.3.717616.249.1585713660.403/1.2.840.113619.2.278.3.717616.249.1585713660.403_1.2.840.113619.2.278.3.717616.249.1585713660.408.3_deeds.nii.gz,../sample_data_reg/ncct_cect/vindr_ds/all_baseline_algorithms/B2_deeds__aligned/1.2.840.113619.2.278.3.717616.249.1585713660.403/1.2.840.113619.2.278.3.717616.249.1585713660.403_1.2.840.113619.2.278.3.717616.249.1585713660.494.4198401_deeds.nii.gz,../sample_data_reg/ncct_cect/vindr_ds/all_baseline_algorithms/B2_deeds__aligned/1.2.840.113619.2.278.3.717616.249.1585713660.403/1.2.840.113619.2.278.3.717616.249.1585713660.403_1.2.840.113619.2.278.3.717616.249.1585713660.494.4198401_deeds_seg_full.nii.gz,arterial
../sample_data_reg/ncct_cect/vindr_ds/all_baseline_algorithms/B2_deeds__aligned/1.2.840.113619.2.278.3.717616.306.1582703645.873/1.2.840.113619.2.278.3.717616.306.1582703645.873_1.2.840.113619.2.278.3.717616.306.1582703645.878.3_deeds.nii.gz,../sample_data_reg/ncct_cect/vindr_ds/all_baseline_algorithms/B2_deeds__aligned/1.2.840.113619.2.278.3.717616.306.1582703645.873/1.2.840.113619.2.278.3.717616.306.1582703645.873_1.2.840.113619.2.278.3.717616.306.1582703646.13.4198401_deeds.nii.gz,../sample_data_reg/ncct_cect/vindr_ds/all_baseline_algorithms/B2_deeds__aligned/1.2.840.113619.2.278.3.717616.306.1582703645.873/1.2.840.113619.2.278.3.717616.306.1582703645.873_1.2.840.113619.2.278.3.717616.306.1582703646.13.4198401_deeds_seg_full.nii.gz,arterial
../sample_data_reg/ncct_cect/vindr_ds/all_baseline_algorithms/B2_deeds__aligned/1.2.840.113619.2.278.3.717616.286.1587944983.828/1.2.840.113619.2.278.3.717616.286.1587944983.828_1.2.840.113619.2.278.3.717616.286.1587944983.833.3_deeds.nii.gz,../sample_data_reg/ncct_cect/vindr_ds/all_baseline_algorithms/B2_deeds__aligned/1.2.840.113619.2.278.3.717616.286.1587944983.828/1.2.840.113619.2.278.3.717616.286.1587944983.828_1.2.840.113619.2.278.3.717616.286.1587944983.915.4198401_deeds.nii.gz,../sample_data_reg/ncct_cect/vindr_ds/all_baseline_algorithms/B2_deeds__aligned/1.2.840.113619.2.278.3.717616.286.1587944983.828/1.2.840.113619.2.278.3.717616.286.1587944983.828_1.2.840.113619.2.278.3.717616.286.1587944983.915.4198401_deeds_seg_full.nii.gz,arterial
../sample_data_reg/ncct_cect/vindr_ds/all_baseline_algorithms/B2_deeds__aligned/1.2.392.200036.9116.2.5.1.37.2418751871.1432695579.168588/1.2.392.200036.9116.2.5.1.37.2418751871.1432695579.168588_1.2.392.200036.9116.2.5.1.37.2418751871.1432695767.136800_deeds.nii.gz,../sample_data_reg/ncct_cect/vindr_ds/all_baseline_algorithms/B2_deeds__aligned/1.2.392.200036.9116.2.5.1.37.2418751871.1432695579.168588/1.2.392.200036.9116.2.5.1.37.2418751871.1432695579.168588_1.2.392.200036.9116.2.5.1.37.2418751871.1432696054.719704_deeds.nii.gz,../sample_data_reg/ncct_cect/vindr_ds/all_baseline_algorithms/B2_deeds__aligned/1.2.392.200036.9116.2.5.1.37.2418751871.1432695579.168588/1.2.392.200036.9116.2.5.1.37.2418751871.1432695579.168588_1.2.392.200036.9116.2.5.1.37.2418751871.1432696054.719704_deeds_seg_full.nii.gz,arterial
../sample_data_reg/ncct_cect/vindr_ds/all_baseline_algorithms/B2_deeds__aligned/1.2.840.113619.2.278.3.717616.306.1582703665.824/1.2.840.113619.2.278.3.717616.306.1582703665.824_1.2.840.113619.2.278.3.717616.306.1582703665.829.3_deeds.nii.gz,../sample_data_reg/ncct_cect/vindr_ds/all_baseline_algorithms/B2_deeds__aligned/1.2.840.113619.2.278.3.717616.306.1582703665.824/1.2.840.113619.2.278.3.717616.306.1582703665.824_1.2.840.113619.2.278.3.717616.306.1582703665.961.4198401_deeds.nii.gz,../sample_data_reg/ncct_cect/vindr_ds/all_baseline_algorithms/B2_deeds__aligned/1.2.840.113619.2.278.3.717616.306.1582703665.824/1.2.840.113619.2.278.3.717616.306.1582703665.824_1.2.840.113619.2.278.3.717616.306.1582703665.961.4198401_deeds_seg_full.nii.gz,arterial
../sample_data_reg/ncct_cect/vindr_ds/all_baseline_algorithms/B2_deeds__aligned/1.2.840.113619.2.278.3.717616.286.1587944967.557/1.2.840.113619.2.278.3.717616.286.1587944967.557_1.2.840.113619.2.278.3.717616.286.1587944967.562.3_deeds.nii.gz,../sample_data_reg/ncct_cect/vindr_ds/all_baseline_algorithms/B2_deeds__aligned/1.2.840.113619.2.278.3.717616.286.1587944967.557/1.2.840.113619.2.278.3.717616.286.1587944967.557_1.2.840.113619.2.278.3.717616.286.1587944967.658.4198401_deeds.nii.gz,../sample_data_reg/ncct_cect/vindr_ds/all_baseline_algorithms/B2_deeds__aligned/1.2.840.113619.2.278.3.717616.286.1587944967.557/1.2.840.113619.2.278.3.717616.286.1587944967.557_1.2.840.113619.2.278.3.717616.286.1587944967.658.4198401_deeds_seg_full.nii.gz,arterial
../sample_data_reg/ncct_cect/vindr_ds/all_baseline_algorithms/B2_deeds__aligned/1.2.840.113619.2.278.3.717616.260.1578649386.487/1.2.840.113619.2.278.3.717616.260.1578649386.487_1.2.840.113619.2.278.3.717616.260.1578649386.492.3_deeds.nii.gz,../sample_data_reg/ncct_cect/vindr_ds/all_baseline_algorithms/B2_deeds__aligned/1.2.840.113619.2.278.3.717616.260.1578649386.487/1.2.840.113619.2.278.3.717616.260.1578649386.487_1.2.840.113619.2.278.3.717616.260.1578649386.755.11_deeds.nii.gz,../sample_data_reg/ncct_cect/vindr_ds/all_baseline_algorithms/B2_deeds__aligned/1.2.840.113619.2.278.3.717616.260.1578649386.487/1.2.840.113619.2.278.3.717616.260.1578649386.487_1.2.840.113619.2.278.3.717616.260.1578649386.755.11_deeds_seg_full.nii.gz,arterial
../sample_data_reg/ncct_cect/vindr_ds/all_baseline_algorithms/B2_deeds__aligned/1.2.840.113619.2.278.3.717616.260.1578649359.241/1.2.840.113619.2.278.3.717616.260.1578649359.241_1.2.840.113619.2.278.3.717616.260.1578649359.246.3_deeds.nii.gz,../sample_data_reg/ncct_cect/vindr_ds/all_baseline_algorithms/B2_deeds__aligned/1.2.840.113619.2.278.3.717616.260.1578649359.241/1.2.840.113619.2.278.3.717616.260.1578649359.241_1.2.840.113619.2.278.3.717616.260.1578649359.370.4198401_deeds.nii.gz,../sample_data_reg/ncct_cect/vindr_ds/all_baseline_algorithms/B2_deeds__aligned/1.2.840.113619.2.278.3.717616.260.1578649359.241/1.2.840.113619.2.278.3.717616.260.1578649359.241_1.2.840.113619.2.278.3.717616.260.1578649359.370.4198401_deeds_seg_full.nii.gz,arterial
../sample_data_reg/ncct_cect/vindr_ds/all_baseline_algorithms/B2_deeds__aligned/1.2.840.113619.2.278.3.717616.202.1592287869.821/1.2.840.113619.2.278.3.717616.202.1592287869.821_1.2.840.113619.2.278.3.717616.202.1592287869.826.3_deeds.nii.gz,../sample_data_reg/ncct_cect/vindr_ds/all_baseline_algorithms/B2_deeds__aligned/1.2.840.113619.2.278.3.717616.202.1592287869.821/1.2.840.113619.2.278.3.717616.202.1592287869.821_1.2.840.113619.2.278.3.717616.202.1592287869.941.4198401_deeds.nii.gz,../sample_data_reg/ncct_cect/vindr_ds/all_baseline_algorithms/B2_deeds__aligned/1.2.840.113619.2.278.3.717616.202.1592287869.821/1.2.840.113619.2.278.3.717616.202.1592287869.821_1.2.840.113619.2.278.3.717616.202.1592287869.941.4198401_deeds_seg_full.nii.gz,arterial
